w,Population,Goal 1,,,,Goal 2,,,,,,,Goal 3,,,GOAL 4,,,Goal 5,,,,Goal 6,,,,,Goal 7,,,,,Goal 8,,,,Goal 9,,,,,Goal 10,,,,Goal 11,,,,,Goal 12,,,,,Goal 13,,,,,Goal 14,,,,                Goal 15,,,,Goal 16,,,,,Goal 17,,,
,,Population below national poverty line ,Percent of population living less than $1.90,< $3.20,< $5.50,Prevalence of Undernourishment (data of 2018),,,,,Life Expectancy (https://www.cia.gov/the-world-factbook/),"Adult prevalence of HIV/ AIDS ( ""HIV/AIDS – adult prevalence rate - The World Factbook"")",Infant Mortality Ratehttps://databank.worldbank.org/reports.aspx?source=2&series=SH.DYN.MORT&country=),Happiness Index (https://dmerharyana.org/world-happiness-index/),Literacy Rate http://uis.unesco.org/en/visualisations,Government expenditure on education as % of GDP http://data.uis.unesco.org,"Proportion of students at the end of primary education achieving at least a minimum proficiency level in mathematics, both sexes (%) http://data.uis.unesco.org",Number of years of compulsory primary and secondary education guaranteed in legal frameworks  http://data.uis.unesco.org,(2021) % of women in parliament https://data.ipu.org/women-ranking?month=1&year=2021,"(most recent year) Literacy rate, adult female (% of females ages 15 and above) https://data.worldbank.org/indicator/SE.ADT.LITR.FE.ZS",(2019)Violence against women (%) https://data.oecd.org/inequality/violence-against-women.htm,"(2021) Labor force participation rate, female (% of female population ages 15+) https://www.indexmundi.com/facts/indicators/SL.TLF.CACT.FE.ZS/rankings",Population using improved sanitation facilities (%) https://en.wikipedia.org/wiki/List_of_countries_by_proportion_of_the_population_using_improved_sanitation_facilities,Population with basic handwashing facilities at home (%) https://www.who.int/data/gho/data/indicators/indicator-details/GHO/population-with-basic-handwashing-facilities-at-home-(-) ,Population using safely managed drinking water services (%)   https://www.who.int/data/gho/data/indicators/indicator-details/GHO/population-using-at-least-basic-drinking-water-services-(-) ,Population practising open defecation (%) https://www.who.int/data/gho/data/indicators/indicator-details/GHO/population-practising-open-defecation-(-) ,  ,Renewable electricity production (%) https://en.wikipedia.org/wiki/List_of_countries_by_renewable_electricity_production,Proportion of population with primary reliance on clean fuels and technologies % https://www.who.int/data/gho/data/themes/air-pollution/household-air-pollution,Access to electricity (% of population) https://ourworldindata.org/energy-access ,Household air pollution attributable deaths https://www.who.int/data/gho/data/indicators/indicator-details/GHO/household-air-pollution-attributable-deaths ,  ,Economic Growth,Unemployment Rate ( of total labor force),Youth Unemployment Rate ( of total labor force ages 15-24),Children Employment ( of children ages 7-14),Manufacturing value added per capita (constant 2015 United States dollars),Manufacturing employment as a proportion of total employment (%),Carbon dioxide emissions from fuel combustion (millions of tonnes),Research and development expenditure as a proportion of GDP (%),,Income Inequality Percentage,Health Inequality  Percentage,,,"Road Traffic Accidents (Death Rate Per 100,000)",,,,,Countries with sustainable consumption and production (SCP) national action plans or SCP mainstreamed as a priority or target into national policies (1 = YES; 0 = NO),"Domestic material consumption, by type of raw material (tonnes)",Hazardous waste generated (Tonnes),Installed renewable electricity-generating capacity (watts per capita), ,Surface Temperature change (2020-2021) https://climatedata.imf.org/datasets/4063314923d74187be9596f10d034914/explore,"CO2 emission rates (tons, 2016) https://www.worldometers.info/co2-emissions/co2-emissions-per-capita/",Share of global GHG emission https://www.climatewatchdata.org/compare-all-targets?targets=MKD-revised_first_ndc,,,Plastic Waste Emitted To The Ocean (tonnes),Fish and Seafood Supply Per Person (Kilograms Per Year),Marine Protected Areas (% of Territorial Waters),Total Fisheries Production (Metric Tons),Air Quality (exposure to pollutants),"Freshwater Resources (m³, billions)",Forest Area (% of Land Area),Terrestrial Protected Areas (% of Total Land Area),Democracy Index,Homicide Rate,"Peace Index(societal safety, and security domain)",,Rule of law index(out of 1),"Aid (ODA) disbursements to countries(US Dollars, Millions)",Internet Acces Rate,, Tariff Rate
Afghanistan,,54.5%,N/A,N/A,N/A,29.9,,,,,53.7,,60.3,2.523,38.2%,"3,21378",,9,27,,"80,2",15,50,38.12,27.59,10.78,,-,33.2,97.70%,21.141,,-2.4,11.7,16.2,9.3,28.05,8.2,-,-,,30.8,N/A,,,19.81,,,,,-,46462823.9237,-,9.348,,1.421,"9,900,004",0.20%,,,---,0.25,---,"10,000",53.00,---,1.9,3.6,0.32,6.66,4.258,,0.35,2 349.33,5,,5.63 %
Albania,,21.8%,0.0%,1.2%,10.0%,3.6,,,,,79.5,0.10%,9.7,5.117,97.6%,"3,94576","61,75176",,36,,"29,8",51,99,-,70.67,0,,100,81.3,100.00%,1.381,,-4.0,11.5,27.0,5.5,313.11,11,4.05,0.1541,,27.6,33.2,,,9.88,,,,,1,31642957.6216,-,-,,1.682,"5,208,319",0.02%,,,"1,565.00 ",5.36,2.8,"14,906",18.46,---,28.8,18.6,6.11,2.29,2.267,,0.49,167.02,49,,1.02 %
Algeria,,5.5%,0.4%,3.7%,28.6%,2.8,,,,,78.0,%29,23.3,4.887,80.2%,"6,10036",,10,8,,"48,2",16,86,84.63,72.38,0,,0.6,99.7,99.50%,2.688,,-5.1,13.6,39.3,7.5,193.42,10.7,142.37,0.5430,,N/A,27.60,,,21.81,,,,,-,374261684.8764,325100,15.644,,2.317,"156,220,560",0.45%,,,"5,774.00 ",3.86,0.1,"120,355",32.92,---,0.8,4.6,3.77,1.36,2.559,,0.49,113.74,14,,9.98 %
Andorra,,N/A,N/A,N/A,N/A,N/A,,,,,83.4,,3.0,,,"3,15061",,11,46,,N/A,N/A,100,-,90.64,0,,-,100,100.00%,-,,-12.0,-,-,-,1345.76,-,-,-,,51.3,N/A,,,---,,,,,-,2582906.8732,1303.6281,-,,1.367,,0.00%,,,---,---,---,0,---,---,34.0,26.9,---,,,,,N/A,81,,
Angola,,32.3%,49.9%,71.5%,88.5%,18.6,,,,,62.1,1.80%,74.7,,71.1%,"1,82118",,6,30,,"25,2",74,52,27.09,-,17.97,,70.3,50.2,45.67%,13.384,,-5.4,9.6,17.3,30.1,191.78,1.3,18.77,0.0323,,N/A,51.3,,,30.07,,,,,-,144469470.4979,-,115.427,,1.631,"30,566,933",0.25%,,,860.00 ,20.22,0.0,"444,007",28.02,----,53.4,7.0,3.37,4.85,2.482,,0.43,50.43,15,,7.68 %
Antigua and Barbuda,,N/A,N/A,N/A,N/A,N/A,,,,,77.8,,6.6,,,"3,32162",,11,11,,N/A,N/A,88 (2015),-,-,-,,-,100,100.00%,,,-20.2,8.4,19.8,-,329.12,-,-,-,,42.3,N/A,,,0.00,,,,,1,971847.9569,-,167.981,,873,"438,763",0.00%,,,2.00,52.54,0.3,"3,175",----,---,18.5,19.9,---,11.06,,,0.63,1.83,82,,14.89 %
Argentina,,42.0%,1.6%,5.8%,18.2%,3.8,,,,,78.3,0.40%,9.3,5.929,98.1%,"4,80237",,12,45,,"11,6",50,95 (2015),-,-,-,,21.5,99.9,100.00%,,,-9.9,11.5,30.2,5.0,1766.24,12.5,162.22,0.4936,,25.2,42.9,,,13.91,,,,,1,761424472.6985,771366,311.281,,1.011,"200,708,270",0.81%,,,"4,137.00",7.29,11.8,"841,414",13.85,---,10.4,8.5,6.81,5.32,2.641,,0.51,45.89,48,,7.42 %
Armenia,,27.0%,0.4%,6.9%,44.7%,2.6,,,,,76.1,0.20%,11.8,5.283,99.8%,"2,70476","64,34171",12,34,,"10,1",43,94,94.72,86.91,0.011,,32.2,98.1,100.00%,,,-7.4,18.2,32.3,9.9,504.34,10.1,5.85,0.1888,,34.3,29.90,,,17.47,,,,,-,49224905.3771,570537,484.04,,2.212,"4,597,845",0.02%,,,---,5.83,---,"17,369",34.24,---,11.5,24.3,5.49,1.69,2.039,,,66.65,,,2.22 %
Australia,,13.6%,0.5%,0.7%,0.7%,2.5,,,,,83.1,0.10%,3.6,7.183,,,"67,9515",10,31,,"3,2",61,100,-,98.96,0,,27.7,100,100.00%,,,0,5.1,11.3,-,2932.31,6.9,380.74,1.8747,,30.2,34.4,,,4.46,,,,,-,1082402863.1509,-,-,,0. 589,"414,988,700",1.27%,,,32.00,25.87,44.3,"322,235",6.75,400.0,17.4,20.4,8.90,0.89,1.608,,0.79,1 507.567(donated),79,,0.86 %
Austria,,13.9%,0.6%,0.7%,0.8%,2.5,,,,,82.3,,3.5,7.268,,,"83,55019",12,40,,3,56,100,-,98.9,0,,74.3,100,100.00%,,,-6.7,5.4,10.5,-,7998.55,15.6,63,3.2105,,26.6,30.80,,,4.18,,,,,-,141545959.8399,-,-,,1.397,"73,764,112",0.14%,,,---,14.09,---,"4,341",12.22,86.0,47.3,29.3,8.07,0.97,1.557,,0.81,80.809(donated),80,,1.69 %
Azerbaijan,,6.0%,0.0%,0.0%,7.0%,2.5,,,,,74.2,0.10%,20.4,5.171,99.8%,"2,68108","73,34954",9,18,,7.0%,60,96 (2015),-,88.32,-,,8.8,96.8,100.00%,,,-4.3,7.2,12.4,5.2,336.59,5.3,34.05,0.1842,,N/A,26.60,,,6.56,,,,,-,84127151.5876,317413,127.353,,2.109,"33,614,235",0.16%,,,---,3.20,0.4,"2,079",26.27,---,13.7,10.2,2.68,2.20,2.462,,,159.18,50,,4.75 %
Bahamas,,9.3%,N/A,N/A,N/A,N/A,,,,,,1.80%,12.6,,,"2,51088",,12,18,,N/A,66,95 (2015),-,-,-,,-,100,100.00%,,,-14.5,10.0,24.1,-,240.59,2.8,-,-,,N/A,N/A,,,7.42,,,,,-,4242401.0805,-,5.678,,0. 688,"4,404,247",0.01%,,,20.00,27.31,7.9,"11,006",---,---,50.9,36.6,,31.96,,,0.61,N/A,65,,17.05 %
Bahrain,,N/A,N/A,N/A,N/A,N/A,,,,,79.9,,6.9,6.647,95.7%,95.7%,"54,17751",9,15,,N/A,42,100,-,98.98,0,,0,100,100.00%,,,-5.1,1.2,5.3,-,3604.05,11.9,32.6,0.1012,,32.4,N/A,,,5.64,,,,,1,35192045.0489,92481.1406,6.133,,2.427,"24,458,384",0.10%,,,0.00,---,1.2,"15,000",58.66,---,0.9,6.6,2.52,0.52,2.571,,,N/A,77,,7.83 %
Bangladesh,,4.8%,14.3%,52.3%,84.2%,13,,,,,74.7,,30.8,5.025,76%,"1,32632","47,3",9,21,,"28,3",35,54,58.4,58.51,0,,1.8,25,92.20%,,,3.5,4.4,12.8,5.0,356.11,14.4,89.26,-,,N/A,32.4,,,16.74,,,,,-,414359632.6413,28946,3.125,,1.315,"74,476,230",0.45%,,,"24,640.00",24.31,5.4,"4,276,641",63.66,---,14.5,4.6,5.99,2.37,2.356,,0.40,3 194.61,5,,10.72 %
Barbados,,N/A,N/A,N/A,N/A,4.3,,,,,78.6,1.30%,12.7,,,"4,29516",,11,20,,N/A,56,98,-,-,-,,-,100,100.00%,,,-19.0,8.4,26.0,-,843.67,6,-,-,,24.4,N/A,,,7.96,,,,,1,918455.9665,-,174.061,,1.132,"1,541,447",0.01%,,,45.00,39.97,0.0,"1,758",---,---,14.7,1.3,-,9.77,2.572,,0.65,N/A,72,,
Belarus,,5%,0.0%,0.0%,0.1%,2.5,,,,,74.3,0.40%,3.2,5.534,99.7%,"4,95245",,9,40,,"4,1",57,98,-,94.61,0,,1.2,99.6,100.00%,,,-0.9,4.1,12.0,2.3,1460.67,17.8,55.41,0.6044,,27.2,25.30,,,6.48,,,,,-,137621512.8885,2065340,-,,1.683,"62,655,669",0.14%,,,---,16.28,---,"12,383",16.57,---,43.2,13.8,2.41,2.39,1.782,,0.48,136.41,40,,1.65 %
Belgium,,14.1%,0.1%,0.1%,0.2%,2.5,,,,,81.9,,3.4,6.834,,,"80,14717",12,42,,2,50,99,-,99.91,0,,16.6,100,100.00%,,,-5.7,5.6,15.3,-,5439.73,12.3,90.19,2.7658,,53.3,27.20,,,5.10,,,,,1,197552362.1188,-,-,,1.15,"94,722,813",0.22%,,,34.00,23.01,36.7,"23,116",12.73,23.8,22.8,15.5,7.51,1.69,,,0.79,225.138(donated),78,,1.69 %
Belize,,41%,13.9%,27.7%,51.1%,7.6,,,,,75.8,1.90%,12.3,,82.7%,"7,94096",,8,13,,N/A,47,88,90.28,-,0.57,,-,82.1,92.72%,,,-14.0,9.1,19.3,-,253.32,8,-,-,,37.8,53.3,,,23.61,,,,,-,6788653.4445,775,258.714,,1.077,"1,114,105",0.01%,,,374.00,12.16,11.0,"216,670",---,---,56.0,37.5,,37.8,2.551,,0.48,8.3,,,11.08 %
Benin,,38.5%,19.2%,51.3%,79.3%,7.4,,,,,62.2,1.00%,90.3,5.045,38.4%,"2,9652","19,13304",6,8,,36,69,17,12.03,-,51.58,,3.2,4,40.32%,,,3.8,1.5,3.9,24.1,120.63,15.6,7.09,-,,37.4,47.8,,,33.95,,,,,-,57151858.1335,1698,0.284,,1.735,"6,563,709",0.06%,,,"1,639.00 ",17.60,0.0,"60,073",46.24,---,27.8,29.6,4.19,1.13,1.694,,0.49,366.5,4,,15.25 %
Bhutan,,8.2&,1.5%,12.2%,38.9%,15.5,,,,,72.3,0.16%,28.5,,64.9%,,,,17,,"68,4",52,77,91.69,36.65,0,,-,80.2,100.00%,,,-10.1,2.5,10.7,-,228.89,6.5,-,-,,43.6,37.4,,,17.35,,,,,1,21073417.1292,358.6300,3026.404,,1.536,"1,682,100",0.00%,,,---,---,---,239,40.37,---,71.4,49.7,5.71,1.19,2.800,,,30.5,21,,
Bolivia,,39.0%,4.4%,9.0%,21.6%,2.5,,,,,72.5,0.30%,26.0,5.716,95.7%,,"7,7",12,46,,"16,1",68,66,26.94,-,9.79,,20.6,86.1,96.30%,,,-8.8,7.9,16.1,13.9,370.36,8.8,20.85,0.157,,33.0,41.6,,,23.15,,,,,-,174801000.1182,-,90.526,,0. 553,"19,463,728",0.26%,,,---,2.57,---,"40,234",27.49,---,46.9,30.9,4.65,6.22,2.352,,0.39,192.34,30,,2.92 %
Bosnia and Herzegovina,,16.9%,0.1%,0.7%,3.8%,2.5,,,,,78.0,%9,5.9,5.813,98.5%,,"39,55167",9,26,,"4,8",32,95 (2015),-,88.87,-,,31.5,45.2,100.00%,,,-3.2,15.9,36.6,10.6,667.13,18.9,20.69,0.1948,,53.3,33.0,,,10.79,,,,,-,50430393.8611,-,-,,1.666,"25,674,120",0.05%,,,6.00,4.89,0.0,"3,944",30.29,---,42.7,4.0,5.04,1.17,2.320,,0.52,196.21,60,,4.73 %
Botswana,,19.3%,14.5%,36.5%,59.1%,24.1,,,,,65.6,22.20%,41.6,3.467,88.5%,"6,91437",,,11,,N/A,56,80,-,83.07,9.81,,0.2,64.7,70.18%,,,-8.5,24.9,46.2,-,383.2,6.9,7.25,0.5373,,48.9,53.3,,,30.39,,,,,-,48376094.5319,-,2.614,,4,"6,438,429",0.12%,,,---,3.80,---,"1,653",25.33,---,26.9,29.1,7.73,15.25,3.292,,0.59,66.53,7,,2.76 %
Brazil,,4.2%,1.7%,4.3%,13.1%,2.5,,,,,75.9,0.60%,11.0,6.33,91.7%,,,12,15,,"8,5",49,90,-,85.77,0.3,,80.4,95.9,99.80%,,,-4.1,13.9,30.5,2.5,874.81,11.7,410.99,1.1604,,N/A,53.4,,,15.08,,,,,1,4407327435.4590,-,705.901,,1.167,"462,994,920",2.90%,,,"37,799.00",9.09,26.8,"1,320,022",11.67,8 425.9,59.4,30.3,6.86,27.38,,,0.50,260.22,45,,0.33 %
Brunei,,N/A,N/A,N/A,N/A,2.5,,,,,78.4,,11.4,,96.4%,,,,9,,N/A,54,-,-,-,-,,0,100,100.00%,,,1.1,7.4,26.4,-,5977.46,4.3,6.59,0.2776,,47.3,N/A,,,7.38,,,,,-,4383909.8319,-,3.198,,968,"7,672,127",0.03%,,,134.00 ,---,0.2,"14,682     ",7.72,---,72.1,46.9,,0.49,1.974,,,N/A,56,,7.95 %
Bulgaria,,23.8%,0.9%,2.6%,6.2%,3,,,,,75.6,,6.7,5.266,98.4%,,"70,858",9,24,,"18,2",49,86,-,97.62,0,,15.7,-,100.00%,,,-4.4,5.1,14.2,-,1023.12,18.5,38.02,0.7557,,38.6,41.3,,,8.59,,,,,1,137293816.3564,-,-,,1.795,"50,872,910",0.04%,,,7.00,7.05,8.1,"24,941",19.93,---,35.9,41.0,6.64,1.30,3.002,,0.54,4.380(donated),51,,0.50 %
Burkina Faso,,41.4%,33.7%,61.8%,80.0%,19.2,,,,,63.4,0.80%,87.5,4.834,%36,"5,78548","24,95145",10,6,,"43,5",57,22,9.01,-,39.92,,-,10.6,18.38%,,,1.9,4.7,8.6,50.3,69.44,15.4,-,0.6109,,N/A,35.3,,,43.30,,,,,1,102199810.7383,18.3,4.678,,1.772,"2,352,070",0.11%,,,0.00,7.06,---,"27,847       ",53.68,---,22.7,16.4,3.84,1.25,2.991,,0.50,699.99,3,,1.69 %
Burundi,,64.9%,72.8%,89.6%,96.9%,N/A,,,,,67.4,1.20%,56.5,3.775,85.6%,,"17,96734",,38,,"72,9",79,46,6.2,-,2.58,,-,0.2,11.06%,,,0.3,1.6,2.9,31.9,29.27,1.8,-,0.2131,,N/A,38.6,,,52.10,,,,,-,22033360.8125,-,4.826,,,"1,093,618",0.02%,,,---,---,---,"21,860",33.32,---,10.9,7.6,2.13,6.05,2.801,,,201.02,1,,7.37 %
Côte d'Ivoire,,39.5%,N/A,N/A,N/A,19.9,,,,,62.3,,26.6,,,,"2,56701",,14,,N/A,46,35,21.62,35.2,25.26,,-,-,68.55%,,,2.0,3.3,5.5,36.5,433.04,9.1,10.74,0.0704,,N/A,N/A,,,32.96,,,,,1,139429225.3428,-,33.821,,,"10,056,492",0.10%,,,"4,784.00",17.97,0.1,"110,029",55.93,---,8.9,23.0,4.22,,,,0.45,652.67,2,,7.89 %
Cabo Verde,,N/A,N/A,N/A,N/A,N/A,,,,,73.8,0.80%,74.8,,,,,,39,,N/A,47,79,-,-,14.45,,-,81,95.53%,,,-14.8,11.3,50.4,-,211.11,9.7,-,0.0726,,37.9,N/A,,,---,,,,,-,4087357.9882,3548.9290,63.636,,1.2,"99,687",0.00%,,,0.00,11.10,0.0,"26,586",---,---,11.3,2.9,7.65,,2.404,,,38.66,32,,
Cambodia,,17.7%,N/A,  N/A        ,N/A,14.5,,,,,70.7,0.60%,4.9,4.83,77.2%,,,,22,,"50,4",74,69,73.87,27.76,19.28,,47.3,36.8,93.00%,,,-3.1,1.2,2.5,11.5,230.38,16.7,12.86,0.1182,,46.6,N/A,,,21.90,,,,,-,123965591.8850,-,95.027,,0. 893,"6,496,958",0.14%,,,"1,113.00",42.69,1.4,"946,324",22.14,---,45.7,39.7,2.90,1.84,3.142,,0.32,695.93,3,,9.77 %
Cameroon,,37.5%,26.0%,47.0%,71.0%,6.3,,,,,63.3,3.20%,14.9,5.142,%75,"3,1005","11,14117",6,34,,36.1,70,45,36.42,-,5.55,,52.4,21.9,63.45%,,,0.5,3.5,6.3,62.0,212.76,10.3,6.5,-,,33.3,46.6,,,40.18,,,,,-,111237535.4876,8716.5996,29.821,,1.113,"9,454,331",0.25%,,,"10,671.00",18.06,10.9,"284,285",66.15,---,43.0,11.0,2.56,1.39,1.501,,0.35,584.23,5,,12.70 %
Canada,,9.4%,0.2%,0.5%,0.7%,2.5,,,,,83.8,0.17%,110.1,7.103,,,"68,72056",10,30,,"7,8",61,99,-,99.04,0,,65,100,100.00%,,,-5.2,7.5,13.5,-,4347.31,9.2,571.01,1.5427,,56.2,33.3,,,4.58,,,,,-,2135634356.4972,-,-,,2.536,"675,918,610",1.56%,,,238.00,22.45,8.9,"1,090,104",7.09,3 478.0,38.7,11.9,8.87,1.76,3.722,,0.80,905.476(donated),83,,1.47 %
Central African Republic,,62.0%,65.9%,82.9%,92.8%,N/A,,,,,55.5,3.60%,113.8,,36.8%,"1,76871",,10,13,,"79,6",63,14,21.51,6.18,25.15,,-,0.8,14.30%,,,0.8,-,-,37.2,76.48,-,-,-,,37.5,56.2,,,46.52,,,,,-,18357013.4486,-,3.968,,1.307,"543,229",0.18%,,,---,7.73,---,"29,190",46.90,---,35.8,18.1,1.43,20.12,3.722,,,321.54,2,,16.44 %
Chad,,42.3%,33.2%,66.4%,87.9%,39.6,,,,,59.2,1.20%,7.0,4.355,40.2%,"2,37246","1,82909",10,32,,"73,5",47,12,25.3,5.59,64.07,,-,6.8,8.40%,,,-0.9,1.1,1.5,55.9,76.45,7,-,0.3005,,44.9,43.3,,,42.50,,,,,1,140828419.4192,-,0.203,,1.018,"1,670,941",0.21%,,,---,7.18,---,"107,450",59.43,---,3.4,21.0,1.67,,2.847,,,276.36,2,,16.36 %
Chile,,10.8%,0.7%,1.4%,4.4%,3.5,,,,,79.8,0.50%,7.9,6.172,97.3%,,,12,35,,10.3,44,100,-,98.77,0,,43.3,100,100.00%,,,-5.8,11.2,24.9,4.5,1635.85,10,90.5,0.3561,,38.2,44.4,,,13.48,,,,,1,1043368647.1607,-,669.287,,0. 661,"81,258,525",0.11%,,,322.00,11.78,41.3,"3,656,689",23.68,1 007.5,24.5,20.9,7.92,4.40,2.469,,0.66,N/A,54,,0.49 %
China,,0.0%,0.1%,1.7%,15.8%,2.5,,,,,,0.09%,13.8,5.339,96.4%,"4,40634","95,55637",9,25,,32.7,62,92,-,95.04,0.32,,24.35,79.4,100.00%,,,2.3,5.2,-,-,3076.13,-,9876.5,2.1406,,54.2,38.5,,,15.09,,,,,1,3253172755.4132,81259504,621.736,,2.038,"10,432,751,400",23.92%,,,"70,707.00",38.17,5.5,"80,966,368",47.73,2 861.9,23.3,15.6,2.21,0.53,2.284,,0.47,-428.14,38,,3.39 %
Colombia,,42.5%,10.3%,19.9%,38.3%,5.5,,,,,74.9,0.40%,62.9,6.012,94.7%,"4,50622",,11,19,,11.1,52,94,68.03,73.01,2.59,,62.9,93.2,99.77%,,,-6.8,15.0,25.8,5.6,750.46,11.1,74.88,0.2346,,45.3,51.3,,,14.72,,,,,1,399599167.8565,-,266.328,,0. 898,"77,667,594",0.55%,,,431.00,7.16,17.2,"280,951",22.53,---,53.3,16.9,6.48,25.34,3.421,,0.49,1 699.83,40,,3.28 %
Comoros,,42.4%,19.1%,39.7%,64.6%,N/A,,,,,67.2,,47.8,4.289,77.8%,,,6,17,,N/A,32,36 (2015),-,-,-,,-,8.4,84.05%,,,-0.1,8.1,19.5,-,81.08,9.5,-,-,,N/A,45.3,,,37.42,,,,,1,2902957.2193,-,1.665,,0. 454,"108,422",0.00%,,,0.00,---,0.4,"13,089",---,---,17.7,33.8,3.20,,,,,34.49,6,,
Congo (Congo-Brazzaville),,63.9%,77.2%,91.4%,97.9%,28,,,,,,3.10%,8.6,4.8,79.3%,"3,898","7,70768",10,11,,54.2,65,20,-,45.9,8.45,,66.4,34.9,48.33%,,,-7.9,10.0,16.6,-,112.13,10.8,3.66,-,,48.2,N/A,,,39.65,,,,,-,22739101.9815,-,41.105,,1.407,"5,212,302",,,,676.00,29.34,3.0,"98,745",39.25,---,64.3,36.8,2.79,,,,0.42,93.48,6,,
Costa Rica,,30.0%,2.1%,5.7%,16.1%,3.2,,,,,79.6,0.40%,4.8,7.069,97.8%,"6,74626",,11,46,,3.5,48,98,85.92,80.52,0.13,,97.7,95.7,99.71%,,,-4.1,17.4,40.7,1.3,1568.15,10.5,7.5,0.3829,,28.9,48.2,,,14.00,,,,,1,55191176.4587,-,613.335,,,"8,328,890",0.02%,,,450.00,18.46,2.7,"34,493",17.44,---,59.4,28.4,8.07,11.26,2.202,,0.68,182.83,42,,1.80 %
Croatia,,18.3%,0.3%,0.6%,1.8%,2.5,,,,,77.2,0.04%,5.1,5.882,99.3%,,"70,00589",8,31,,4.4,46,97,-,93.5,0,,65.2,100,100.00%,,,-8.1,7.5,21.1,-,1872.51,17.7,15.34,0.9719,,N/A,29.70,,,6.58,,,,,1,42900149.8956,-,-,,1.622,"19,408,194",0.04%,,,224.00,18.74,9.0,"88,625",18.23,---,34.3,38.4,6.50,0.58,1.538,,0.61,12.790(donated),71,,1.69 %
Cuba,,N/A,N/A,N/A,N/A,2.5,,,,,79.6,0.40%,2.3,,99.7%,,"99,8",9,53,,3.9,40,91,92.2,-,0.24,,4.5,93.8,99.80%,,,-10.9,1.7,6.1,-,983.95,9.3,25.17,0.5371,,31.2,N/A,,,7.39,,,,,1,106334167.2782,261835,105.789,,1.311,"30,389,116",0.08%,,,---,5.69,3.9,"51,249",17.95,---,31.2,16.2,2.59,5.05,2.501,,,109.31,23,,8.02 %
Cyprus,,14.3%,0.2%,0.2%,0.3%,6.8,,,,,79.7,,3.2,6.223,99.1%,"3,4884","76,9192",9,14,,10.5,57,99,-,99.77,0,,8.7,100,100.00%,,,-5.2,7.6,18.2,-,1111.71,7.6,6.4,0.5478,,25.3,32.7,,,4.90,,,,,-,34395828.0928,-,-,,2.082,"6,872,427",0.02%,,,3.00,24.94,8.6,"8,837",15.79,---,18.7,38.6,7.43,1.26,2.253,,0.68,0,58,,1.69 %
Czechia (Czech Republic),,9.5%,0.0%,0.0%,0.3%,2.5,,,,,79.7,%51,3.8,6.965,,,"78,42741",9,25,,2.0,52,99,-,97.88,0,,11.3,100,100.00%,,,-5.8,2.5,7.9,-,4959.53,26.7,94.31,1.9302,,N/A,25.0,,,5.54,,,,,1,191146614.9620,-,-,,1.29,"111,825,428",0.24%,,,---,9.31,---,"25,401",16.97,16.2,34.7,22.2,7.74,0.70,1.586,,0.73,40.491(donated),73,,1.69 %
Democratic Republic of the Congo,,63%,N/A,N/A,N/A,28,,,,,61.8,,57.5,,,,"3,16279",6,13,,74.8,61,15,19.17,18.99,12.03,,100,3.7,19.10%,,,1.7,4.5,8.7,1.7,78.49,5.9,2.21,0.4064,,27.7,N/A,,,39.80,,,,,1,314936243.2176,-,30.957,,1.821,"6,564,773",1.39%,,,420.00,---,0.2,"241,200",36.27,---,55.6,13.8,1.40,,3.881,,0.35,1 581.96,1,,10.19 %
Denmark,,12.1%,0.3%,0.3%,0.4%,2.5,,,,,81.7,0.11%,34.7,7.62,,,,10,40,,0.0,58,100,-,96.73,0,,60.5,100,100.00%,,,-2.1,5.6,11.6,-,8766.89,11.3,28.35,3.0329,,41.6,28.20,,,3.00,,,,,-,108726984.3558,-,-,,1.691,"38,007,645",0.10%,,,9.00,22.70,18.3,"825,737",9.78,16.3,15.7,17.0,9.09,1.01,1.258,,0.90,648.498(donated),90,,1.69 %
Djibouti,,21.1%,17.0%,39.8%,70.2%,N/A,,,,,65.3,1.30%,28.0,,,,,10,26,,N/A,N/A,67,-,-,16.18,,-,9.65,61.28%,,,0.5,26.1,73.0,-,102.28,0.2,-,-,,N/A,41.60,,,---,,,,,-,7092452.1799,-,0.366,,,"1,508,851",0.00%,,,4.00,3.69,0.2,"2,102",---,---,0.3,1.6,2.74,6.80,2.504,,,76.19,7,,17.56 %
Dominica,,29%,N/A,N/A,N/A,5.8,,,,,78.2,,84.8,,,"4,99813",,12,34,,N/A,50,80 (2015),-,-,-,,-,88.9,100.00%,,,-16.6,11.0,25.8,-,209.72,-,-,-,,39.6,N/A,,,---,,,,,-,345349.8320,627,98.832,,787,"185,767",0.00%,,,53.00,28.06,0.0,762,---,---,63.8,22.0,,26.59,,,0.58,2.81,51,,8.30 %
Dominican Republic,,21.0%,0.8%,4.0%,15.2%,5.5,,,,,72.6,1.30%,44.2,5.545,91.8%,"4,04277",,12,28,,2.0,N/A,87,46.9,-,2.25,,10.4,91.5,100.00%,,,-6.7,6.1,14.9,13.2,1174.52,10.5,25.19,-,,47.3,41.9,,,67.23,,,,,1,90807417.4406,-,120.716,,1.136,"23,466,740",0.08%,,,"6,276.00",9.56,18.0,"16,042",18.15,---,44.4,26.2,6.45,10.05,2.713,,0.48,336.58,36,,4.60 %
Ecuador,,33.0%,6.5%,14.2%,30.6%,8.8,,,,,78.0,0.30%,14.0,5.764,94.5%,"4,13413",,12,39,,25.2,53,92,87.17,66.83,0.91,,60.2,94.3,100.00%,,,-7.8,6.1,11.1,5.6,782.55,9.9,35.35,0.4427,,31.5,45.7,,,20.60,,,,,1,135653470.1469,14877.9531,300.293,,516,"40,065,690",0.19%,,,"1,136.00",7.77,13.3,"1,138,562",20.61,---,50.3,23.2,5.71,5.80,2.697,,0.48,256.98,31,,7.35 %
Egypt,,32.5%,3.8%,28.9%,72.6%,4.7,,,,,74.5,,20.3,4.283,75.2%,,"26,83767",12,28,,35.7,15,97,89.83,-,0,,8.2,99.9,100.00%,,,3.6,7.9,17.3,2.9,588.23,13,225.48,0.7239,,38.8,31.50,,,11.77,,,,,-,910841037.3999,-,58.35,,1.607,"219,377,350",0.67%,,,"2,471.00",23.69,5.0,"1,934,743",67.92,---,0.0,13.1,2.79,2.55,2.591,,0.35,167.73,36,,8.19 %
El Salvador,,26.2%,1.3%,5.7%,22.3%,8.9,,,,,75.4,0.60%,13.3,6.061,88.4%,"3,38516",,9,27,,7.7,44,82,-,77.45,0.3,,60.7,91.8,100.00%,,,-8.6,5.0,11.6,7.8,611.7,16.1,7.41,0.1647,,N/A,38.80,,,21.36,,,,,1,39252584.3460,-,232.163,,1.379,"6,853,766",0.03%,,,808.00,6.64,0.7,"62,297",22.35,---,28.2,8.6,5.72,61.70,3.022,,,317.9,18,,1.94 %
Equatorial Guinea,,76.8%,N/A,N/A,N/A,N/A,,,,,63.7,7.00%,81.8,,95.3%,,,6,23,,52.6,50,66 (2015),-,-,-,,-,24.5,66.59%,,,-4.9,25.0,-,-,1365.71,-,4.8,-,,N/A,N/A,,,33.71,,,,,-,4341640.0295,-,90.675,,1.037,"2,156,371",0.05%,,,405.00,---,0.2,"6,425",47.03,---,87.3,19.3,1.92,,2.373,,,4.58,,,15.63 %
Eritrea,,69.0%,N/A,N/A,N/A,N/A,,,,,66.9,0.60%,40.5,,73.8%,,,8,22,,51.4,70,12 (2015),-,-,-,,0.8,9.3,50.39%,,,8.7,-,-,-,39.65,-,0.77,-,,30.8,N/A,,,54.13,,,,,-,15933477.0028,-,6.495,,1.416,"684,140",0.02%,,,48.00,---,0.0,"4,300",44.78,---,10.4,4.9,2.03,,3.482,,,13.35,6,,
Estonia,,20.7%,0.5%,0.8%,1.3%,2.5,,,,,77.9,27.10%,2.4,6.189,99.8%,,,9,26,,16.9,57,99,-,95.76,0,,12.5,100,100.00%,,,-3.0,6.8,17.9,-,2899.03,18.1,9.88,1.4044,,54.6,30.30,,,3.70,,,,,-,49540774.3338,-,-,,2.133,"22,402,414",0.04%,,,12.00,14.72,18.8,"88,406",5.95,12.3,56.1,21.3,7.84,2.12,1.781,,0.81,6.094(donated),77,,1.69 %
"Eswatini (fmr. ""Swaziland"")",,58.9%,29.2%,52.1%,72.0%,16.9,,,,,59.7,1.10%,49.4,4.308,87.5%,"5,34234",,7,10,,19.9,46,64,24.31,88.72,3.81,,-,55.4,77.17%,,,-1.9,22.7,47.1,13.3,1111.84,15.8,-,0.2666,,35.0,54.6,,,41.36,,,,,-,15825018.6433,-,145.695,,436,"657,572",0.01%,,,---,3.88,---,165,23.37,---,28.9,4.3,3.08,11.36,2.611,,,70.09,,,1.48 %
Ethiopia,,23.5%,30.8%,68.9%,90.2%,19.7,,,,,68.3,0.10%,50.7,4.275,49.1%,,"10,43",8,43,,63.0,72,9,8.17,12.58,17,,93.6,7.8,48.27%,,,6.1,2.3,3.5,26.1,46.28,5.1,14.76,0.2744,,31.0,35.0,,,42.41,,,,,1,462025322.0975,-,40.994,,1.507,"10,438,855",0.42%,,,---,0.44,---,"57,331",33.83,---,15.1,17.0,3.30,8.79,2.930,,0.41,2 346.89,1,,12.13 %
Fiji,,29.9%,2.6%,17.8%,55.5%,3.8,,,,,74.3,0.60%,25.7,,,"5,06788",,,22,,42.6,38,99,-,-,0,,-,51.4,100.00%,,,-15.7,4.3,15.4,-,558.33,5.6,-,-,,27.7,36.7,,,14.33,,,,,-,5094331.6476,14332.5068,236.376,,1.119,"1,703,193",0.00%,,,365.00,34.83,0.9,"44,467",10.86,---,62.4,5.4,5.61,2.31,,,,121.77,28,,
Finland,,12.2%,0.0%,0.1%,0.1%,2.5,,,,,81.8,,2.4,7.842,,,"78,04993",9,46,,11.2,56,99,-,99.64,0,,44.2,100,100.00%,,,-2.8,7.8,21.4,-,7260.66,13,40.12,2.7557,,32.4,27.30,,,3.09,,,,,1,16785477.09315,-,-,,1.923,"51,183,960",0.13%,,,0.00,33.62,12.0,"198,463",5.64,110.0,73.7,13.3,9.27,1.63,1.410,,0.88,243.112(donated),89,,1.69 %
France,,13.8%,0.0%,0.1%,0.1%,2.5,,,,,82.6,0.30%,4.5,6.69,,,"56,65546",10,40,,6.6,52,99,-,99.25,0,,17.5,100,100.00%,,,-7.9,8.0,20.1,-,4047.44,11.5,293.87,2.1929,,38.0,32.4,,,4.60,,,,,1,757857865.8205,-,-,,1.193,"331,533,320",0.74%,,,235.00,34.37,49.8,"797,492",11.37,206.2,31.5,28.0,7.99,1.20,1.870,,0.72,8 681.675(donated),80,,1.69 %
Gabon,,33.4%,3.4%,11.2%,32.2%,16.6,,,,,69.7,3.60%,42.5,4.852,83.2%,"2,76783","22,89951",10,16,,50.2,39,50,-,-,2.01,,68.4,88.1,90.69%,,,-1.8,20.4,35.7,24.0,546.15,-,2.45,0.5792,,35.9,38.0,,,28.47,,,,,-,14236579.2050,-,149.563,,881,"5,694,208",0.03%,,,445.00,30.94,28.8,"29,045",37.44,---,91.3,22.4,3.40,,2.656,,,40.6,8,,16.93 %
Gambia,,48.6%,10.3%,38.4%,72.7%,11.9,,,,,,2.00%,51.7,5.051,55.5%,"2,8753",,9,9,,58.4,49,47,17.84,44.72,0.1,,-,1.7,59.92%,,,-0.2,10.2,25.8,23.8,22.43,2.3,-,0.0709,,34.5,35.9,,,51.34,,,,,-,7463818.9513,-,1.404,,1.878,"254,127",0.01%,,,421.00,27.53,0.6,"49,561",58.21,---,24.0,7.7,4.41,,,,0.49,40.98,11,,18.08 %
Georgia,,21.3%,4.2%,17.0%,46.6%,8.2,,,,,77.5,0.50%,9.6,4.891,99.8%,"3,83913","55,81791",9,19,,8.6,51,86,91.7,66.35,0.007,,80.7,89.1,100.00%,,,-6.8,18.5,39.4,31.8,423.7,8.1,9.32,0.2805,,31.70,35.9,,,11.30,,,,,-,45070956.7101,-,962.414,,1.701,"8,610,414",0.03%,,,3.00,8.04,0.7,"215,459",18.25,---,40.6,9.3,5.12,2.22,2.375,,0.61,30.5,37,,0.67 %
Germany,,18.5%,0.0%,0.2%,0.2%,2.5,,,,,81.5,0.10%,3.8,7.155,,,"74,64573",13,35,,19.6,57,99,-,99.99,0,,46.2,100,100.00%,,,-4.6,3.8,7.2,-,8269.72,19.9,644.11,3.1327,,43.5,31.9,,,2.98,,,,,1,1243381199.0696,-,-,,1.304,"775,752,190",1.59%,,,134.00,12.75,45.5,"313,409",11.93,188.0,32.7,37.5,8.57,0.95,1.625,,0.84,11 872.407(donated),83,,1.69 %
Ghana,,23.4%,12.7%,29.3%,55.1%,6.5,,,,,69.4,1.70%,46.2,5.088,76.6%,,,9,15,,28.3,65,24,41.54,41.41,17.78,,42.9,22.2,83.50%,,,0.4,4.2,9.1,28.8,239.41,13.7,18.15,0.3765,,33.1,43.5,,,31.33,,,,,-,314026160.7173 ,-,54.279,,1.701,"14,469,986",0.04%,,,"4,185.00",25.51,0.1,"453,397",54.48,---,35.1,14.8,6.50,2.09,1.998,,,542.81,14,,10.34 %
Greece,,17.7%,0.7%,1.3%,3.4%,2.5,,,,,81.5,,3.8,5.723,97.7%,,,9,22,,2.0,43,99,-,100,0,,27.4,100,100.00%,,,-9.0,16.3,35.0,-,1978.91,9.6,56.64,1.1773,,33.9,32.9,,,6.68,,,,,-,116331239.1537,-,-,,1.722,"67,840,662",0.18%,,,216.00,19.44,4.5,"209,629",14.32,72.0,30.3,35.2,7.56,0.94,1.963,,0.61,0.175(donated),53,,1.69 %
Grenada,,38%,N/A,N/A,N/A,N/A,,,,,75.7,,16.5,,,,,12,47,,N/A,N/A,91 (2015),-,-,-,,-,89.1,95.43%,,,-13.7,22.9,31.5,-,347.72,-,-,-,,48.3,N/A,,,7.76,,,,,-,293488.6817,-,29.808,,887,"554,848",0.00%,,,130.00,27.19,0.1,"2,570",---,---,52.1,9.5,,10.82,,,0.59,3.31,,,12.41 %
Guatemala,,59.3%,8.8%,24.4%,49.1%,16.1,,,,,72.9,0.50%,24.5,6.435,79.3%,"3,29972",,9,19,,11.0,37,68,-,55.83,2.02,,51.7,50.1,95.72%,,,-1.5,2.2,4.6,7.2,577.83,11.7,17.84,0.0295,,29.60,48.3,,,26.54,,,,,1,159604975.3498,15563.6299,160.214,,1.442,"18,539,316",0.08%,,,"7,142.00",2.58,0.8,"45,326",27.81,---,32.9,20.1,4.62,22.50,2.910,,0.44,294.92,12,,1.39 %
Guinea,,43.7%,23.2%,60.4%,89.8%,N/A,,,,,63.9,1.40%,98.8,4.984,30.4%,"2,19947","6,79581",6,17,,92.1,62,30,20.48,-,11.81,,-,1.9,42.42%,,,7.0,5.0,7.1,38.1,108.79,-,-,-,,N/A,33.7,,,38.43,,,,,-,123668216.3956,-,29.056,,1.761,"2,071,798",0.08%,,,"2,347.00 ",10.09,0.5,"287,362",52.82,---,25.2,37.6,2.24,,2.620,,0.41,151.75,1,,11.29 %
Guinea-Bissau,,47.7%,24.7%,59.5%,86.0%,N/A,,,,,63.7,3.40%,78.5,,59.9%,"2,94782",,9,14,,41.8,64,18,18.11,24.33,10.33,,-,1.1,31.04%,,,-2.4,3.2,4.0,63.9,64.74,6.7,-,-,,45.1,50.7,,,40.96,,,,,-,5913861.7947,-,0.594,,1.912,"318,706",0.01%,,,247.00,1.30,9.0,"6,740",54.02,---,70.4,26.3,2.75,1.15,2.576,,,34.09,3,,14.39 %
Guyana,,35%,11.8%,24.0%,51.0%,5.7,,,,,71.9,1.40%,29.3,,88.5%,,,6,36,,N/A,40,86,-,-,0.61,,-,80.6,92.02%,,,43.5,13.5,27.4,-,301.57,10.5,2.684,-,,41.1,45.1,,,22.39,,,,,-,24260427.0082,-,67.598,,1.195,"3,253,057",0.04%,,,"1,246.00",30.48,0.0,"53,015",---,---,93.6,8.5,6.25,14.25,2.860,,0.50,20.44,32,,3.74 %
Haiti,,58.8%,24.5%,50.3%,78.6%,48.2,,,,,66.0,1.90%,62.8,3.615,60.7%,,,6,3,,58.9,61,37,22.37,-,18.13,,19.2,4.5,45.37%,,,-3.3,14.1,17.9,37.8,206.81,1.4,3.24,-,,N/A,41.1,,,19.91,,,,,-,23532589.9610,-,7.063,,1.046,"3,086,897",0.02%,,,"6,929.00",4.53,1.5,"17,750",19.32,---,12.6,8.6,3.48,6.68,2.833,,0.38,449.59,,,6.52 %
Honduras,,48.0%,14.8%,29.0%,49.0%,13.8,,,,,75.2,0.40%,3.7,5.919,88.5%,"4,91285",,11,27,,12.4,42,84,-,18.71,4.18,,50.1,48.3,92.78%,,,-9.0,11.0,17.8,10.5,408.94,16.2,9.45,0.0399,,48.2,48.2,,,21.07,,,,,1,61268118.8864,-,187.32,,1.027,"9,320,279",0.06%,,,"2,436.00",3.15,4.6,---,22.93,---,56.8,23.5,5.10,41.00,3.200,,0.39,207.08,16,,3.41 %
Hungary,,12.3%,0.3%,0.7%,1.8%,2.5,,,,,77.2,,2.0,5.992,99.1%,,"73,6384",10,13,,26.0,52,98,-,92.59,0,,10.1,100,100.00%,,,-4.7,4.3,12.8,-,2910.73,21.6,45.36,1.5334,,30.0,29.60,,,6.33,,,,,1,152195130.1587,-,-,,1.482,"51,018,899",0.13%,,,---,6.30,---,"75,600",16.60,116.4,22.5,22.6,6.50,2.49,1.741,,0.52,193.614(donated),59,,1.69 %
Iceland,,8.8%,0.0%,0.0%,0.0%,2.5,,,,,83.6,,34.3,7.554,,,,10,48,,N/A,62,99,-,100,0,,100,100,100.00%,,,-6.5,5.5,10.0,-,5392.29,9.6,1.64,2.0413,,26.1,26.1,,,1.78,,,,,-,8806782.4761,-,-,,993,"3,923,884",0.01%,,,0.00,90.71,0.4,"23,086",6.37,170.0,0.5,20.3,9.18,0.89,1.218,,,19.134(donated),95,,1.57 %
India,,21..9%,0.8%,13.7%,60.5%,14,,,,,67.2,0.20%,23.9,3.819,[note 5]74.3%,,"38,8",8,14,,22.1,19,71,67.79,56.07,14.93,,18.06,67.9,97.82%,,,-7.3,4.7,19.8,1.7,330.99,11.3,2309.98,0.6528,,35.7,35.7,,,16.33,,,,,1,7443378185.6672,8639229,97.287,,729,"2,533,638,100",6.84%,,,"126,513.00 ",6.90,0.2,"1,297,630",83.30,1 869.0,24.3,7.5,6.75,3.08,2.284,,0.50,2 060.75,10,,4.88 %
Indonesia,,9.8%,2.3%,18.8%,50.9%,9,,,,,73.1,0.40%,13.9,5.345,93.9%,"2,84185","17,53671",9,21,,34.5,54,86,94.11,-,6.11,,15.9,84.5,98.85%,,,-2.1,4.3,14.8,3.7,775.91,13.9,583.41,0.2263,,37.3,38.2,,,11.88,,,,,1,1814219111.8181,-,38.585,,994,"530,035,650",3.48%,,,"56,333.00",44.67,3.1,"12,414,190",19.67,---,49.1,12.2,6.91,0.43,2.135,,0.52,1 303.74,18,,2.00 %
Iran,,18.7%,0.6%,4.3%,17.8%,4.7,,,,,75.3,0.10%,25.9,4.721,86.8%,"3,6632","38,87119",9,6,,21.0,14,90,-,93.98,-,,5.8,96.1,100.00%,,,3.4,9.7,23.7,-,711.58,17.4,583.52,0.8303,,40.9,42.0,,,22.15,,,,,-,852317122.0482,-,154.077,,2.051,"642,560,030",1.69%,,,928.00,11.73,0.8,"22,042,342",39.00,---,6.6,8.6,1.95,2.50,2.879,,0.66,171.17,21,,15.23 %
Iraq,,18.9%,1.7%,14.8%,52.4%,23.7,,,,,73.2,0.20%,3.3,4.854,43.7%,,,6,29,,54.8,11,100,97.39,59.66,0,,6.4,99,100.00%,,,-15.7,13.0,25.6,6.4,122.89,-,138.18,0.0434,,29.5,29.50,,,34.41,,,,,-,200073825.5193,26037,61.903,,2.542,"162,646,160",0.44%,,,67.00,3.37,0.0,"1,268,590",49.62,---,1.9,1.5,3.51,10.07,3.888,,,2 020.92,5,,
Ireland,,13.9%,0.0%,0.1%,0.1%,2.5,,,,,81.7,0.20%,3.7,7.085,,,,10,23,,1.0,57,91,-,97.33,0,,24.7,100,100.00%,,,5.9,5.6,15.3,-,35133.87,11.5,33.86,1.1465,,30.60,31.40,,,2.92,,,,,-,102583421.2462,-,-,,1.057,"39,086,565",0.13%,,,115.00,23.43,2.3,"62,673",7.85,52.8,11.4,14.4,9.00,0.87,1.618,,0.81,180.495(donated),77,,1.69 %
Israel,,22%,0.2%,1.0%,2.0%,2.5,,,,,83.4,,3.1,7.157,,,,12,28,,N/A,59,100,-,99.32,0,,2.5,100,100.00%,,,-2.2,4.3,7.9,-,5004.22,10.9,60.88,4.9408,,38.6,39.0,,,3.93,,,,,1,194397953.6564,-,-,,1.884,"65,201,588",0.18%,,,33.00,25.92,0.0,"288,137",19.42,2.8,6.5,24.5,7.97,1.49,2.288,,,150.057(donated),70,,1.85 %
Italy,,20.1%,1.5%,2.1%,2.9%,2.5,,,,,82.6,0.30%,79.3,6.483,99.2%,,"72,9611",12,36,,5.3,40,100,-,95.82,0,,37.3,100,100.00%,,,-8.9,9.2,29.4,-,4555.11,18.7,309.33,1.3918,,35.2,35.9,,,4.13,,,,,1,404653953.4673,-,-,,1.478,"358,139,550",0.79%,,,414.00,29.80,9.7,"19,054",15.85,---,32.1,21.5,7.68,0.57,1.978,,0.66,651.907(donated),57,,1.69 %
Jamaica,,19.9%,1.7%,8.8%,29.2%,8.7,,,,,75.8,1.40%,13.9,6.309,88.7%,"5,40338",,6,29,,4.9,56,87,-,-,0.8,,8.2,82.7,99.38%,,,-10.0,8.4,22.4,6.2,386.13,6.1,8.06,0.0610,,45.5,45.5,,,14.23,,,,,1,25607786.0131,10000,85.652,,1.299,"8,946,575",0.02%,,,"2,334.00",25.41,0.8,"350,274",16.25,---,55.1,16.2,7.13,56.40,2.812,,0.57,28.03,32,,10.84 %
Japan,,16.1%,0.7%,0.9%,1.2%,2.5,,,,,84.8,,2.5,5.94,,,,,10,,8.9,53,100,-,98.57,0,,15,100,100.00%,,,-4.6,2.8,4.6,-,8110.37,15.6,1056.19,3.2751,,32.9,32.9,,,2.21,,,,,-,1342362055.5150,-,-,,1.215,"1,239,592,060",2.36%,,,"1,835.00",45.49,13.9,"16,962",13.65,420.0,68.4,29.7,8.15,0.20,1.292,,0.79,13 795.013(donated),80,,2.45 %
Jordan,,15.9%,0.1%,2.0%,17.5%,8.5,,,,,76.0,,15.6,4.395,97.9% (in 2012),"2,98847",,,12,,18,13,97,-,85.7,0.11,,4.9,99.9,100.00%,,,-1.6,19.2,43.0,1.2,715.71,9,22.84,0.7078,,33.7,33.7,,,19.68,,,,,1,68653345.6904,47400,186.503,,2.089,"22,772,370",0.07%,,,1.00,5.87,1.0,"4,242,421",30.13,---,1.1,4.5,3.49,1.36,2.237,,0.55,2 161.93,35,,4.41 %
Kazakhstan,,5.3%,0.0%,0.2%,4.6%,2.5,,,,,72.5,0.20%,10.5,6.152,99.8%,"2,85697",,10,27,,14.2,63,98,-,89.33,0,,11.3,92.7,100.00%,,,-2.5,4.9,3.8,3.6,1286.59,6.8,205.05,0.1168,,27.8,27.80,,,12.85,,,,,1,561473357.8429,180506752,266.151,,1.432,"231,919,540",0.55%,,,13.00,4.50,50.7,"1,773",21.05,---,1.3,10.0,3.08,5.06,2.291,,0.52,10.33,45,,
Kenya,,36.1%,37.1%,66.5%,86.6%,23,,,,,69.7,4.80%,43.2,4.607,%78,"5,07997","70,81778",9,22,,41.8,71,33,26.76,57.7,8.51,,90.7,19.5,69.70%,,,-0.3,5.0,12.9,34.4,144.82,6.9,20.1,0.7858,,40.8,40.8,,,48.00,,,,,1,206876780.9501,38347.1992,40.743,,1.308,"16,334,919",0.15%,,,259.00,3.98,0.8,"33,600",21.54,---,6.3,12.4,5.05,4.93,2.492,,0.44,1 418.93,28,,10.07 %
Kiribati,,21.9%,1.3%,16.2%,58.5%,3,,,,,67.9,,50.9,,,,"29,3",12,7,,N/A,N/A,46,55.58,14.69,29.77,,-,9.9,100.00%,,,-1.9,8.6,22.5,-,60.59,5.2,-,-,,27.8,37.0,,,2.17,,,,,-,646528.9462,-,23.961,,1.131,"52,818",0.00%,,,0.00,76.69,11.8,"146,470",---,---,1.5,22.4,,7.52,,,,N/A,10,,
Kuwait,,N/A,N/A,N/A,N/A,2.5,,,,,79.1,,7.9,6.106,96.2%,"6,55126",,9,2,,37,47,100,-,100,0,,0.1,100,100.00%,,,-8.7,2.2,15.4,-,1648.98,5.7,89.44,0.0624,,N/A,N/A,,,18.99,,,,,-,105788629.3313,4955,24.761,,2.459,"101,492,225",0.23%,,,7.00,11.48,1.4,"200,547",62.67,---,0.4,17.1,3.91,1.82,1.765,,,719.046(donated),74,,4.77 %
Kyrgyzstan,,25.3%,1.1%,16.2%,58.1%,6.4,,,,,72.4,0.20%,18.3,5.744,99.5%,"5,36675","21,46562",9,20,,32.8,42,98,99.85,70.09,0,,86.7,76.6,99.88%,,,-8.6,5.8,11.5,41.1,173.17,11.6,9.29,0.1011,,29.0,29.70,,,13.82,,,,,-,55491559.6605,12648247,563.61,,1.367,"6,941,784",0.03%,,,0.00,1.14,---,"3,069",24.60,---,6.9,6.7,3.62,2.19,2.375,,0.47,130.55,20,,2.92 %
Laos,,18.3%,10.0%,37.4%,70.4%,N/A,,,,,68.2,0.30%,45.5,5.03,79.9%,,"39,8",9,22,,58.2,75,79,55.63,17.68,16.49,,53.1,8.5,100.00%,,,0.5,9.4,18.2,8.6,232.43,7.9,17.18,0.0371,,38.8,38.8,,,19.78,,,,,1,104684217.0904,-,1022.179,,1.183,"4,531,276",0.08%,,,---,25.26,---,"2,508",20.77,---,71.9,18.7,1.77,,2.156,,,N/A,9,,0.73 %
Latvia,,21.6%,0.2%,0.7%,2.0%,2.5,,,,,75.9,0.70%,3.6,6.032,99.9%,,8,9,29,,2,55,92,-,96.29,0,,54.2,100,100.00%,,,-3.6,8.1,14.9,-,1901.99,12.8,7.01,0.6408,,34.5,35.1,,,7.17,,,,,1,33390091.7376,-,-,,1.938,"8,157,157",0.02%,,,9.00,24.86,16.0,"179,100",12.71,36.6,54.9,18.2,7.31,4.22,2.024,,,2.194(donated),72,,1.69 %
Lebanon,,27.4%,0.0%,0.1%,1.7%,5.7,,,,,78.8,%63,7.2,4.584,93.9%,"2,59202","84,50321",9,5,,43.6,21,99,-,47.7,0,,2.8,-,100.00%,,,-21.5,11.4,23.4,-,320.9,10.9,25.51,-,,31.8,31.80,,,16.56,,,,,-,63568061.6345,100492,50.348,,2.241,"21,863,288",0.07%,,,684.00,8.73,0.2,"136,297",29.05,---,14.0,1.9,3.84,2.49,3.054,,0.45,1 077.23,52,,1.05 %
Lesotho,,49.7%,27.2%,49.9%,73.2%,32.6,,,,,59.6,23.10%,86.4,3.512,79.4%,"7,37501","26,78791",10,23,,37.1,56,50,5.51,28.91,21.99,,-,40.1,44.64%,,,-9.6,22.4,35.5,2.6,192.95,27.9,-,0.0507 ,,44.9,44.9,,,36.62,,,,,-,21845761.9843,-,35.063,,793,"318,438",0.01%,,,0.00,1.84,---,"3,827",27.80,---,1.1,0.5,6.30,43.90,2.755,,,85.77,4,,3.36 %
Liberia,,50.9%,44.4%,75.6%,93.2%,37.5,,,,,65.5,1.50%,84.6,4.625,47.6%,"2,30929",,7,11,,42.5,70,18,-,-,37.68,,-,0.4,27.65%,,,-3.0,12.4,18.4,18.4,23.13,2.1,-,-,,35.3,35.3,,,55.89,,,,,-,23049159.5798,-,18.701,,1.573,"846,658",0.05%,,,"2,638.00 ",5.88,0.1,"2,552",50.63,---,79.1,4.1,5.43,2.26,2.590,,0.44,301.43,3,,9.54 %
Libya,,33%,N/A,N/A,N/A,N/A,,,,,77.2,,11.5,5.41,%91,,,6,16,,25.1,34,92,-,-,0.75,,0,-,68.53%,,,-31.3,19.0,48.7,-,160.68,-,45.89,-,,N/A,N/A,,,22.90,,,,,-,76743277.8775,-,0.744,,1.808,"52,696,075",0.21%,,,879.00,---,0.6,"14,355",35.99,---,0.1,0.1,1.95,2.90,3.525,,,220.11,17,,
Liechtenstein,,N/A,N/A,N/A,N/A,N/A,,,,,82.6,,3.7,,,,,9,28,,N/A,N/A,100,-,-,-,,-,-,100.00%,,,-1.2,2.0,-,-,66679.07,-,-,-,,N/A,N/A,,,---,,,,,-,63365.0569,-,-,,1.202,,0.00%,,,---,---,---,"32,276",10.15,---,41.0,42.6,,2.64,,,,N/A,85,,
Lithuania,,20.9%,0.5%,0.7%,1.4%,2.5,,,,,75.8,,2.8,6.255,99.8%,,,8,28,,2,57,94,-,94.92,0,,49.4,100,100.00%,,,-0.1,8.5,19.6,-,3358,15.8,11.15,0.9418,,35.3,35.7,,,7.24,,,,,1,45477622.7125,-,-,,1.737,"13,685,264",0.04%,,,7.00,33.09,25.6,0,10.47,---,35.1,17.0,7.18,4.57,1.881,,0.75,6.394(donated),65,,1.69 %
Luxembourg,,17.4%,0.1%,0.1%,0.3%,2.5,,,,,83.0,,50.6,7.324,,,"81,42223",10,35,,2,58,98,-,99.46,0,,20.8,100,100.00%,,,-1.8,6.8,23.2,-,5375.12,3.8,9.09,1.2113,,34.2,35.4,,,3.62,,,,,-,20876558.9360,-,-,,1.137,"10,144,632",0.02%,,,---,32.15,---,"78,133",10.09,1.6,36.5,51.3,8.68,0.30,,,,176.758(donated),91,,1.69 %
Madagascar,,70.7%,78.8%,91.5%,97.5%,41.7,,,,,68.2,9.50%,41.6,4.208,64.7%,"2,9449",,10,18,,45.2,82,12,26.57,20.54,42.38,,-,1,26.91%,,,-7.1,1.8,3.4,26.0,37.33,6.7,-,0.0127,,42.6,42.6,,,42.06,,,,,1,72093328.1277,45957,7.122,,1.045,"3,026,047",0.08%,,,775.00,5.29,0.9,0,17.86,---,21.4,7.5,5.70,,2.635,,0.44,338.78,2,,7.74 %
Malawi,,50.7%,73.5%,90.4%,97.1%,18.8,,,,,72.4,9.50%,8.6,3.6,65.8%,"2,90762","6,29597",10,23,,16.3,72,27,8.26,-,4.46,,-,1,11.20%,,,0.8,1.3,1.9,48.9,70.78,3.9,-,-,,38.5,44.7,,,57.15,,,,,-,68481048.0290,-,21.429,,605,"1,815,598",0.05%,,,---,9.50,---,"142,326",22.33,---,23.8,22.9,5.74,1.81,2.363,,0.52,642.17,3,,4.77 %
Malaysia,,8.4%,0.0%,0.3%,2.9%,3,,,,,76.1,0.40%,7.6,5.384,94.6%,"4,16339",,5,15,,41.5,51,100 (2015),-,93.82,-,,13.7,95.5,100.00%,,,-5.6,4.5,12.0,-,2458.98,16.7,236.59,1.0409,,41.1,41.1,,,22.76,,,,,1,676801964.5545,4013189,268.759,,1.192,"266,251,542",0.79%,,,"73,098.00",57.62,5.6,"243,963",16.55,---,58.2,13.3,7.24,2.13,2.044,,0.57,441.2,61,,4.02 %
Maldives,,5.4%,0.0%,0.0%,1.7%,N/A,,,,,76.9,,94.0,5.198,99.3%,"4,12159",,8,5,,N/A,34,99,95.83,-,0,,-,99.2,100.00%,,,--33.5,5.3,15.5,-,196.06,10.4,-,-,,29.3,31.30,,,1.85,,,,,1,5752990.3606,-,31.097,,1.034,"1,233,015",0.00%,,,0.00,90.41,0.1,"1,858,999",---,---,2.7,2.3,,0.72,,,,64.21,34,,11.39 %
Mali,,41.9%,16.3%,49.5%,77.8%,5.1,,,,,62.4,1.20%,7.0,4.723,38.7%,"3,43868",,6,27,,72.6,58,45,17.03,-,4.94,,-,0.9,48.02%,,,-1.2,1.6,2.4,29.7,149.93,4.2,-,0.2918,,36.1,33.0,,,29.48,,,,,-,134593869.8401,-,20.979,,1.846,"1,606,421",0.09%,,,---,9.34,---,"151,013",60.67,---,10.9,7.5,3.48,,3.528,,0.43,759.07,2,,9.42 %
Malta,,16.9%,0.3%,0.4%,0.7%,2.5,,,,,83.2,%88,31.8,6.602,94.1%,,,7,13,,0,53,100,-,100,0,,15.6,100,100.00%,,,-7.0,4.3,10.7,-,2483.46,11.1,1.66,0.5725,,31.0,28.70,,,3.44,,,,,-,12695956.4705,-,-,,2.035,"2,257,870",0.00%,,,0.00,31.90,7.4,"94,312",13.07,---,1.4,30.6,7.57,1.59,,,0.68,2.3(donated),69,,1.69 %
Marshall Islands,,N/A,0.8%,5.2%,22.5%,N/A,,,,,74.7,,72.9,,,"9,61129","69,07995",11,6,,N/A,N/A,84,85.07,-,9.75,,-,63.9,97.44%,,,-2.2,6.4,26.0,-,73.99,3.2,-,-,,N/A,N/A,,,---,,,,,-,110055.6793,-,27.452,,0.54,,0.00%,,,0.00,---,0.3,"77,702",---,---,52.2,11.9,,3.98,,,,122.37,,,
Mauritania,,31.0%,6.0%,24.1%,58.8%,11.9,,,,,65.2,0.50%,16.0,4.227,52.1%,"1,88659",,12,20,,26.6,27,50,-,-,30.67,,-,42.6,45.81%,,,-1.8,10.3,21.1,14.5,122.43,11.2,-,0.0108,,32.6,32.6,,,31.87,,,,,-,40455945.1318,-,26.219,,1.862,"2,564,345",0.03%,,,127.00,9.16,4.2,"967,707",66.55,---,0.3,0.6,4.03,,3.011,,0.36,95.75,5,,8.03 %
Mauritius,,10.3%,0.2%,2.2%,12.7%,5.3,,,,,74.9,,14.2,6.049,90.6%,"4,608",,9,20,,N/A,43,96 (2015),-,-,-,,21.8,96.8,100.00%,,,-14.9,8.6,24.5,-,1035.61,12.7,4.17,0.3469,,36.8,36.8,,,10.85,,,,,1,16363211.5550,21576,198.157,,802,"3,192,307",0.01%,,,0.00,23.07,0.0,"30,384",15.27,---,19.1,4.7,8.08,2.92,2.143,,0.61,324.72,35,,0.79 %
Mexico,,43.9%,3.1%,9.8%,28.1%,7.1,,,,,72.3,0.30%,29.4,6.317,94.4%,,,11,50,,5,44,92,-,43.03,0.096,,15.3,84.9,100.00%,,,-8.3,4.4,8.1,5.6,1572.09,16.5,419.39,0.3129,,45.4,45.4,,,12.86,,,,,1,1464636249.7717,-,219.941,,01.09,"441,412,750",1.42%,,,"3,512.00",14.38,21.6,"1,950,434",20.11,451.3,33.8,14.5,5.57,29.07,3.218,,0.43,623.96,36,,1.24 %
Micronesia,,41.3%,15.4%,38.7%,69.1%,22.7,,,,,,,14.4,,,,,12,7,,N/A,N/A,88 (2015),-,-,-,,-,13,82.12%,,,-1.8,8.9,18.9,-,20.8,2.4,-,-,,40.1,40.1,,,0.18,,,,,-,392283.5443,-,5.183,,434,,0.00%,,,37.00,---,0.0,"129,916",---,---,92.0,0.0,,,,,,134.76,,,3.54 %
Moldova,,26.8%,0.0%,0.5%,13.3%,15.3,,,,,72.4,0.60%,3.1,5.766,99.4%,"6,10458",,8,40,,11.2,34,79,-,74.07,0.13,,5.3,-,100.00%,,,-7.0,3.8,10.9,29.0,288.24,11.7,8.28,0.2517,,26.0,25.70,,,6.60,,,,,1,38471564.6808,8656,,,1.302,"8,258,774",0.03%,,,---,11.58,---,"12,580",13.96,---,11.8,11.4,6.10,4.10,2.370,,0.51,95.56,,,5.26 %
Monaco,,N/A,N/A,N/A,N/A,N/A,,,,,89.5,,15.6,5.677,,"1,15266",,11,33,,N/A,N/A,100,-,100,0,,-,100,100.00%,,,-11.8,6.3,26.6,-,5676.89,-,-,0.0382,,N/A,N/A,,,---,,,,,-,-,201.67,-,,1.279,,,,,0.00,---,99.7,1,---,---,0.0,10.2,,,,,,N/A,,,
Mongolia,,27.8%,0.5%,5.0%,27.1%,21.3,,,,,71.4,,2.3,5.581,98.4%,"4,94089",,12,17,,10.1,51,68,86.36,30.06,8.42,,3.9,51.8,99.13%,,,-4.6,7.0,17.9,14.7,420.75,7.7,22.66,0.1022,,32.7,32.7,,,21.50,,,,,1,161388226.9472,316415.71,84.366,,1.991,"18,574,260",0.11%,,,---,0.48,---,25,42.29,---,9.1,19.8,6.42,6.18,2.441,,0.54,441.2,20,,
Montenegro,,22.9%,2.9%,6.4%,16.8%,2.5,,,,,,0.04%,21.4,5.766,98.7%,,,12,25,,2.7,48,98,99.24,85.07,0.042,,58.8,62.4,100.00%,,,-15.3,17.9,36.0,-,342.63,6.1,2.6,0.3641,,36.8,38.5,,,6.53,,,,,1,12655155.4683,-,-,,1.697,"16,249,039",0.01%,,,0.00,14.06,0.1,"2,390",22.32,---,61.5,13.8,6.02,2.23,2.333,,,11.75,40,,3.07 %
Morocco,,4.8%,0.9%,7.3%,30.2%,4.3,,,,,73.7,0.10%,74.2,4.918,73.8%[9],,"42,99141",9,23,,22,22,87,-,79.95,1.73,,14.8,98.1,99.60%,,,-6.3,9.3,22.2,4.5,469.57,10.5,65.9,0.7145,,39.5,39.5,,,17.29,,,,,1,267789465.1189,289284,93.522,,1.882,"57,694,464",0.19%,,,"1,800.00",19.47,0.7,"1,387,815",34.99,---,12.9,2.2,5.04,1.42,2.261,,0.49,783.89,51,,3.86 %
Mozambique,,46.1%,63.7%,82.4%,92.2%,32.6,,,,,57.1,12.10%,44.7,4.794,58.8%,"6,22999","18,4639",9,42,,22.9,78,37,-,-,20.74,,83.7,5.1,29.62%,,,-1.2,3.4,7.4,27.4,44.4,4.1,6.55,0.3131,,54.0,54.0,,,48.90,,,,,-,61726134.2745,-,73.99,,549,"5,859,171",0.22%,,,"2,544.00",11.46,2.1,"367,271",20.72,---,46.7,29.5,3.51,2.51,2.515,,0.40,1 151.74,4,,4.18 %
Myanmar (formerly Burma),,24.8%,1.4%,15.0%,54.3%,14.1,,,,,,,42.4,4.426,75.6%[note 7],"1,97421",12,,15,,51.2,41,74,74.51,58.83,7,,52.8,31.25,68.36%,,,3.2,0.5,1.5,-,201.88,10.5,35.13,0.0311,,30.7,30.70,,,20.94,,,,,-,229077582.5140,784,63.364,,1.565,"16,701,776",0.47%,,,"2,544.00",47.32,0.5,"3,164,816",29.91,---,43.7,6.6,1.02,2.26,2.886,,0.39,1 914.01,1,,4.56 %
Namibia,,17.4%,13.8%,30.3%,51.0%,14.7,,,,,66.5,12.70%,30.9,4.574,81.9%,"9,40959",,5,44,,28.2,55,35,-,-,47.16,,99.3,46.8,55.20%,,,-8.5,19.9,38.0,15.4,465.03,7.2,3.81,0.3521,,59.1,59.1,,,44.05,,,,,-,46942195.3869,-,197.346,,866,"3,901,830",0.05%,,,2.00,11.56,1.7,"511,040",24.24,---,8.1,37.9,6.52,17.68,2.621,,0.62,132.48,12,,1.00 %
Nauru,,N/A,N/A,N/A,N/A,N/A,,,,,67.9,,30.8,,,,,7,11,,N/A,N/A,66 (2015),-,-,-,,-,100,100.00%,,,1.1,13.3,26.6,-,2243.93,0.5,-,-,,34.8,34.8,,,---,,,,,-,100995.2647,-,179.712,,,,0.00%,,,---,---,---,531,---,---,0.0,---,,,,,,19.63,9,,11.69 %
Nepal,,25.2%,15.0%,50.8%,83.0%,6.1,,,,,72.4,0.20%,4.0,5.269,64.7%,,,12,33,,42.9,79,77,62.14,17.58,9.78,,65.5,34.8,89.90%,,,-2.1,11.4,21.4,42.8,47.99,15.1 ,10.01,0.3022,,32.8,32.8,,,20.65,,,,,-,160690536.8544,-,46.785,,451,"7,833,787",0.11%,,,---,2.83,---,"81,070",82.83,---,41.6,23.6,4.41,2.30,2.671,,0.52,514.94,,,12.36 %
Netherlands,,13.4%,0.1%,0.1%,0.3%,2.5,,,,,82.2,0.20%,4.7,7.464,,,"28,258",8,39,,6.4,62,98,-,99.97,0,,12.1,100,100.00%,,,-3.8,3.8,9.1,-,5596.17,9,146.32,2.1637,,29.2,28.1,,,2.83,,,,,1,202159972.3207,-,-,,1.285,"163,419,285",0.37%,,,271.00,21.77,26.9,"464,010",12.03,91.8,11.0,22.5,8.88,0.59,1.537,,0.83,906.575(donated),92,,1.69 %
New Zealand,,N/A,N/A,N/A,N/A,2.5,,,,,82.5,,16.6,7.277,,,"84,10748",12,49,,7.7,65,100,-,100,0,,83.9,100,100.00%,,,1.9,4.6,12.4,-,4572.7,9.2,33.4,1.3469,,N/A,N/A,,,8.83,,,,,-,160514056.1579,-,-,,901,"33,276,202",0.14%,,,68.00,24.73,30.4,"512,383",6.05,446.9,37.6,33.4,9.37,0.74,1.481,,0.83,320.582(donated),86,,1.35 %
Nicaragua,,24.9%,3.4%,13.1%,35.4%,17.2,,,,,74.8,0.20,80.4,5.972,82.8%,,"55,89094",10,51,,13.7,47,73,-,55.52,6.79,,53.3,56.2,88.21%,,,-2.0,5.2,8.5,47.7,316.35,11.5,4.88,0.1074,,46.2,46.2,,,18.75,,,,,-,62057560.3465,-,110.41,,959,"5,325,447",0.08%,,,"1,465.00 ",6.51,3.4,"84,022",20.54,---,28.3,21.3,2.69,7.19,3.245,,0.38,125.37,11,,1.95 %
Niger,,40.8%,41.4%,75.2%,91.8%,N/A,,,,,60.1,0.40%,117.2,5.074,19.1%,"3,52317",,6,26,,59.6,62,15,23.49,-,68.11,,2.5,2.4,18.77%,,,3.6,7.8,16.6,48.5,38.36,20.1,2.07,-,,37.3,34.3,,,33.36,,,,,-,106972106.3979,554000,1.117,,1.643,"2,088,475",0.09%,,,---,2.03,---,"31,392",80.07,---,0.9,18.2,3.22,4.43,3.118,,0.44,698.54,1,,11.02 %
Nigeria,,40.1%,39.1%,71.0%,92.0%,12.6,,,,,61.3,1.30%,17.3,4.759,59.6%,,"7,90401",,4,,34.7,48,43,33.2,21.67,18.66,,18.6,15,55.40%,,,-1.8,10.7,29.9,35.1,212.98,10.7,92.02,0.1322,,35.1,35.1,,,27.25,,,,,-,742079508.5689,-,10.443,,1.495,"82,634,214",0.73%,,,"18,640.00",9.12,0.0,"1,169,478",70.50,---,23.7,13.9,4.11,34.52,3.044,,0.41,1 654.79,28,,8.52 %
North Korea,,N/A,N/A,N/A,N/A,47.6,,,,,71.8,,6.1,,,,,9,18,,N/A,77,(Korea) 100,-,(Korea) 99.19,-,,-,-,49.37%,,,-,-,-,-,111.86,-,53.41,-,,N/A,N/A,,,22.21,,,,,-,-,-,187.455,,1.972,"58,708,734",0.09%,,,50.00,11.40,---,"837,760",45.18,---,50.1,2.4,1.08,,3.060,,,N/A,,,
North Macedonia,,21.6%,3.4%,7.1%,17.9%,3.1,,,,,76.8,,2.4,,,,,,42,,N/A,42,98,-,-,0.13,,36.7,-,100.00%,,,-5.2,16.5,35.8,19.8,586.25 ,20,7.95,0.3652,,33.0,33.0,,,---,,,,,-,28162432.4825,-,-,,1.755,"8,896,732",,,,---,6.21,---,"1,499",32.67,---,39.7,12.5,6.03,1.20,2.064,,0.53,64.45,,,1.94 %
Norway,,12.7%,0.2%,0.2%,0.3%,2.5,,,,,82.6,,11.4,5.101,,"5,41321","51,53475",13,45,,9.9,60,98,-,98.64,0,,97.2,100,100.00%,,,-0.7,4.4,11.3,-,4866.27,7.7,34.86,2.0726,,27.7,27.60,,,1.76,,,,,1,277231229.9178,-,-,,1.525,"43,456,012",0.06%,,,0.00,51.35,9.9,"4,018,991",6.67,301.9,33.4,29.9,9.75,0.47,1.182,,0.90,1 021.379(donated),94,,3.20 %
Oman,,N/A,N/A,N/A,N/A,7.8,,,,,76.9,,67.2,7.392,94.8%,,"64,65546",10,2,,7.9,29,99,97.4,90.56,0,,0,100,100.00%,,,-3.2,2.9,15.5,-,1758.01,10.7,68.99,0.2197,,N/A,N/A,,,12.63,,,,,-,126477457.4305,-,31.084,,1.589,"87,835,773",0.17%,,,1.00,28.54,0.3,"553,896",44.24,---,0.0,3.6,3.00,0.50,2.108,,,N/A,68,,1.73 %
Pakistan,,21.9%,3.6%,34.4%,77.6%,12.3,,,,,69.7,0.10%,17.3,4.934,59.1% (Year-2017),"2,50755","33,09714",10,20,,42.2,21,68,80.06,35.84,7.3,,32.7,49.3,73.91%,,,-0.9,4.8,9.6,13.0,175.61,15.1,174.51,0.2363,,29.6,31.60,,,15.18,,,,,1,852530288.2569,-,56.165,,1.118,"178,013,820",0.90%,,,873.00,1.72,0.8,"663,893",63.86,----,4.8,12.3,4.31,3.88,2.786,,0.39,825.48,9,,9.45 %
Palau,,24.9%,N/A,N/A,N/A,N/A,,,,,74.6,,14.9,,99.5%,,"7,55226",12,6,,N/A,N/A,100,-,91.31,0,,-,100,100.00%,,,-9.7,1.4,5.6,-,132.05,0.5,-,-,,N/A,N/A,,,---,,,,,-,156285.2942,-,96.451,,-288,"41,732",0.00%,,,7.00,---,100.0,783,---,---,90.0,44.2,,11.17,,,,41.66,,,34.63 %
Palestine State,,29.2%,0.8%,4.5%,21.9%,N/A,,,,,,,44.8,,96.7%,,,12,N/A,,38.7,N/A,-,-,79.7,-,,-,-,100.00%,,,-,-,-,-,310.65,12.8,-,0.4922,,33.7,33.7,,,---,,,,,1,27426463.2313,4572,22.969,,,,,,,118.00,---,---,---,32.56,---,---,---,3.94,0.49,2.932,,,N/A,,,
Panama,,21.5%,1.2%,4.6%,12.1%,6.9,,,,,77.6,0.80%,19.4,6.18,%95,"3,12736",,10,23,,5.7,50,85,-,-,4.19,,66.6,87.6,95.83%,,,-17.9,10.3,22.4,5.6,714.65,7.4,12.57,0.1471,,49.8,49.8,,,13.99,,,,,-,40883594.1368,3094.7000,532.131,,1.047,"11,599,764",0.05%,,,"5,237.00",13.12,26.8,"187,883",13.23,---,56.8,31.4,,9.30,2.545,,0.52,-17.81,43,,5.41 %
Papua New Guinea,,39.9%,38.0%,65.6%,86.9%,N/A,,,,,69.4,0.90%,13.2,,64.2%,,,9,0,,N/A,46,19,29.77,-,16.13,,-,9.4,63.46%,,,-3.5,2.6,3.6,-,42.79,1.8,-,0.0316,,41.9,41.9,,,14.45,,,,,-,74619350.6605,-,37.263,,1.212,"9,086,988",0.13%,,,"3,059.00",---,0.1,"264,612",16.05,---,79.2,3.7,6.10,9.75,2.862,,,523.15,2,,4.58 %
Paraguay,,26.9%,0.8%,4.7%,17.9%,8.8,,,,,78.4,0.50%,27.3,5.653,95.6%,"3,46971",,,16,,22.9,60,93,80.15,64.08,0.34,,100,68.6,100.00%,,,-0.6,7.6,17.1,10.4,1079.13,10.4,7.81,0.1463,,43.5,45.7,,,22.60,,,,,-,153247888.3018,-,1238.302,,678,"5,998,469",0.19%,,,---,4.17,---,"24,536",12.84,---,40.5,14.3,5.86,7.14,2.501,,0.48,161.78,24,,4.98 %
Peru,,30.1%,4.4%,14.1%,32.9%,6.7,,,,,68.9,0.30%,4.4,5.84,94.5%,"3,46971",,12,40,,32.2,66,79,-,51.26,4.4,,50.1,85.1,98.35%,,,-11.1,7.4,12.6,22.6,816.38,8.1,52.21,0.1272,,43.8,41.5,,,13.36,,,,,1,656307739.9873,-,201.089,,1.127,"57,692,879",0.38%,,,259.00,25.04,0.5,"7,312,008",31.06,---,56.5,22.3,6.09,7.91,2.583,,0.49,436.58,37,,0.71 %
Philippines,,16.7%,2.7%,17.0%,46.9%,14.5,,,,,70.1,0.10%,3.7,5.88,96.3%,"3,23437",17,11,28,,12.9,44,82,81.71,47.46,3.79,,24.3,48,95.63%,,,-9.6,2.5,7.0,9.0,655.67,8.1,135.25,0.1568,,42.3,42.3,,,13.42,,,,,1,886289988.7640,2098545.25,62.393,,1.179,"126,922,662",0.48%,,,"356,371.00",28.14,1.7,"4,365,628",18.79,---,24.1,15.9,6.62,6.46,2.896,,0.46,1 375.86,29,,2.11 %
Poland,,14.8%,0.2%,0.4%,1.1%,2.5,,,,,78.8,,6.5,6.166,99.8%,,"73,21523",12,28,,7.9,49,100,-,98.33,0,,15.5,100,100.00%,,,-2.5,3.2,10.8,-,2669.19,19.9,287.38,1.2095,,30.2,30.2,,,8.18,,,,,1,718556265.0264,-,-,,1.417,"296,659,670",0.73%,,,29.00,10.69,22.6,"266,065",22.77,60.6,31.0,39.5,6.80,0.73,1.628,,0.64,69.442(donated),65,,1.69 %
Portugal,,16.2%,0.1%,0.2%,0.9%,2.5,,,,,81.5,0.50%,7.0,5.929,95.4%,,"73,79874",9,40,,2,54,100,-,95.35,0,,53.5,100,100.00%,,,-8.4,6.8,22.5,3.6,2581.25,17,42.41,1.3475,,33.5,33.5,,,5.99,,,,,-,113072681.3088,-,-,,1.213,"50,142,844",0.14%,,,76.00,56.84,16.8,"190,084",8.18,73.6,36.2,22.9,7.82,0.79,1.443,,0.70,144.045(donated),55,,1.69 %
Qatar,,N/A,N/A,N/A,N/A,N/A,,,,,79.8,,5.8,,97.8%,"3,19033",,12,4,,6.6,57,100,-,96.18,0,,0.3,100,100.00%,,,-3.6,0.1,0.5,-,4897.91,4.7,86.89,0.5090,,N/A,N/A,,,8.79,,,,,-,87871261.1098,-,14.96,,2.155,"98,990,085",0.20%,,,0.00,---,2.3,"14,679",77.11,---,0.0,15.8,3.65,0.37,1.577,,,174.716(donated),86,,3.68 %
Romania,,23.4%,2.0%,4.1%,9.2%,2.5,,,,,75.6,,34.3,6.14,98.8%,,"39,82294",12,19,,7.5,43,87,-,81.99,0,,41.4,87.7,100.00%,,,-3.9,5.0,17.3,1.4,2045.46,18.1,70.09,0.5008,,34.8,35.8,,,8.54,,,,,1,277315151.5236,-,-,,1.497,"78,770,824	",0.18%,,,80.00,5.96,23.1,"23,477",15.06,---,30.1,24.5,6.43,1.28,1.820,,0.63,68.135(donated),44,,1.69 %
Russia,,12.1%,0.1%,0.4%,2.1%,2.5,,,,,72.4,2.90%,15.4,5.477,99.7%,,,10,16,,23.3,54,89,-,76.1,0,,16.9,86.3,100.00%,,,-3.0,5.6,17.0,-,1393.94,14.2,1640.33,0.9828,,37.5,37.5,,,11.23,,,,,-,2257111718.0010,100598992,-,,1.64,"1,661,899,300",4.07%,,,542.00,20.07,2.2,"5,329,686",11.78,4 223.8,49.8,11.5,3.24,8.21,2.980,,0.46,N/A,49,,3.61 %
Rwanda,,38.2%,56.5%,80.3%,91.9%,35.6,,,,,65.9,,22.3,3.415,70.5%,"3,40727","90,89231",11,61,,41.4,83,69,4.65,12.1,1.97,,-,2.4,37.78%,,,-3.4,16.5,21.7,5.9,71.04,6,-,0.6466,,43.7,43.7,,,43.89,,,,,-,33100776.8479,-,10.918,,,"1,403,087",0.02%,,,---,7.66,---,"29,105",36.22,---,11.2,9.1,3.10,2.58,2.458,,0.62,570.1,7,,4.08 %
Saint Kitts and Nevis,,N/A,N/A,N/A,N/A,N/A,,,,,77.1,,14.6,,,,59,6,N/A,,N/A,N/A,95 (2015),-,-,-,,-,100,100.00%,,,-14.4,5.1,11.0,-,1079.84,-,-,-,,N/A,N/A,,,---,,,,,-,382536.0270,-,77.831,,,"203,036",0.00%,,,1.00,36.05,4.0,"1,048",---,---,42.3,22.9,,36.10,,,,0,,,21.06 %
Saint Lucia,,25.0%,4.6%,10.2%,19.9%,N/A,,,,,79.0,,15.0,,,"3,56905",,12,N/A,,N/A,N/A,83,-,-,6.2,,-,94.3,99.55%,,,-20.4,15.3,37.2,-,317.2,5.1,-,-,,51.2,N/A,,,27.06,,,,,1,814273.5576,-,20.885,,,"608,182",0.00%,,,449.00,34.10,0.2,"2,048",---,---,34.0,18.7,,21.44,,,,3.55,42,,5.89 %
Saint Vincent and the Grenadines,,N/A,N/A,N/A,N/A,5.7,,,,,76.7,,1.7,,,,,10,N/A,,N/A,N/A,87 (2015),-,-,-,,-,94.2,100.00%,,,-3.3,18.8,36.3,-,245.61,-,-,0.1203,,N/A,N/A,,,7.11,,,,,-,756588.8833,0.15,67.69,,,,0.00%,,,81.00,18.14,0.2,"2,366",---,---,73.2,22.4,,36.50,,,,1.25,43,,9.19 %
Samoa,,20.3%,1.1%,9.6%,33.9%,2.5,,,,,75.2,,29.8,,%99,"4,80916",,12,8,,N/A,31,97,78.8,46.23,0.15,,-,36.5,99.20%,,,-2.6,14.5,31.9,-,196.65,6.8,-,-,,38.7,38.7,,,15.42,,,,,-,1638709.0595,-,141.797,,557,"169,939",0.00%,,,0.00,46.32,0.1,"9,779",---,---,57.1,8.2,,3.15,,,,65.07,,,10.58 %
San Marino,,25.0%,N/A,N/A,N/A,N/A,,,,,83.9,,6.6,,,"3,3797",,8,33,,N/A,N/A,100,-,100,0,,-,100,100.00%,,,2.4,5.8,27.4,-,14699.96,30.8,-,-,,N/A,N/A,,,---,,,,,-,4349.04,-,-,,1.317,,,,,---,---,---,0,---,---,16.7,---,,,,,,N/A,50,,
Sao Tome and Principe,,66.7%,25.6%,57.0%,82.9%,12,,,,,67.1,,45.3,,74.9%,"5,92155",,10,24,,N/A,37,48,55.44,36.17,42.63,,-,3.3,75.18%,,,3.1,13.6,20.8,-,107.15,-,-,-,,56.3,56.3,,,42.59,,,,,1,605338.6535,-,12.11,,1.32,"56,185",0.00%,,,77.00,28.30,0.0,"9,730",---,---,54.1,29.3,,3.25,,,,17.15,20,,10.44 %
Saudi Arabia,,N/A,N/A,N/A,N/A,4.8,,,,,76.7,%24,5.3,6.494,94.7%,,,6,20,,N/A,31,100,-,-,0,,0,100,100.00%,,,-4.1,7.7,29.4,-,2387.24,10.2,495.15,0.8152,,N/A,N/A,,,36.13,,,,,-,678431257.6105,889100,11.853,,2.261,"517,079,407",1.30%,,,3.00,11.33,2.5,"140,776",64.06,---,0.5,4.8,2.08,1.27,2.259,,,1 240.075(donated),48,,4.85 %
Senegal,,46.8%,7.6%,34.0%,66.8%,9.4,,,,,70.0,0.40%,14.2,5.132,55.7%,"5,2872","23,1094",9,43,,56.5,34,57,22.01,-,11.25,,10.4,24.2,70.40%,,,1.5,2.9,4.1,25.1,230.09,12.9,8.52,0.5772,,38.1,40.3,,,35.06,,,,,1,76923448.7633,-,14.692,,1.871,"8,247,295",0.07%,,,169.00,18.09,1.9,"485,858",60.17,---,41.9,26.4,5.53,0.27,2.319,,0.55,843.53,18,,9.01 %
Serbia,,21.7%,2.3%,4.0%,10.1%,4.6,,,,,74.2,0.04%,109.2,6.078,98.1%,"3,61922","27,21267",11,39,,3.8,47,98,-,75.04,0.032,,27.6,79.8,99.80%,,,-0.9,9.0,26.6,17.9,988.22,18.7,45.14,0.9197,,34.5,36.2,,,6.23,,,,,1,138185286.4297,-,-,,1.7,"41,168,059",0.13%,,,---,6.18,---,"9,421",25.50,---,31.1,7.6,6.63,1.23,1.956,,0.49,271.07,42,,6.03 %
Seychelles,,25.3%,0.5%,1.1%,5.2%,N/A,,,,,76.1,,2.5,3.849,95.2%,"3,91459","67,94843",8,23,,N/A,N/A,100,-,-,0,,-,100,100.00%,,,-10.8,4.3,16.5,-,1083.27,5.9,-,0.2218,,32.1,32.1,,,10.94,,,,,-,1590610.4900,-,99.532,,656,"519,693",0.00%,,,0.00,---,32.8,"145,614",---,---,73.3,61.5,,12.54,,,,0,43,,2.09 %
Sierra Leone,,56.8%,43.0%,76.0%,92.7%,26,,,,,58.8,1.50%,5.8,6.377,48.1%,"7,36543",,10,12,,62.8,56,17,21.1,10.62,16.39,,-,0.8,22.70%,,,-2.0,3.2,3.6,59.2,10.03,4.1,-,-,,35.7,35.7,,,41.61,,,,,-,24109183.2048,-,12.418,,1.716,"1,272,332",0.02%,,,"3,624.00",26.30,1.6,"202,185",51.28,---,35.1,12.7,4.97,1.73,2.258,,0.44,227.87,,,10.31 %
Singapore,,N/A,N/A,N/A,N/A,N/A,,,,,86.4,,2.1,6.331,96.8%,"2,50666",,9,30,,40.5,59,100,-,100,0,,1.6,100,100.00%,,,-5.4,4.1,10.6,-,13276.03,9.6,47.38,1.9246,,N/A,N/A,,,1.69,,,,,1,119725305.6346,450000,93.639,,,"48,381,759",0.14%,,,164.00,---,0.0,"7,257",19.00,---,22.0,5.6,6.23,0.16,1.308,,0.78,N/A,75,,0.24 %
Slovakia,,11.4%,0.1%,0.4%,1.3%,6.1,,,,,78.3,,19.7,6.461,99.6%,,"95,50691",6,23,,5,55,98,-,99.24,0,,24.5,100,100.00%,,,-4.4,6.7,19.4,-,3402.42,25,29.67,0.8381,,23.2,N/A,,,5.28,,,,,1,76436439.1557,-,-,,1.29,"36,817,242",0.08%,,,0.00,9.70,---,"4,161",18.53,80.3,40.1,37.6,7.03,1.14,1.836,,0.66,10.616(donated),74,,1.69 %
Slovenia,,12.4%,0.0%,0.0%,0.1%,2.5,,,,,81.8,,117.0,6.494,99.7%,,"71,20036",10,27,,15.8,54,98,-,98.27,0,,30.6,100,100.00%,,,-4.2,5.0,14.2,-,5657.28,25.3,13.12,1.9504,,24.4,24.60,,,4.41,,,,,1,35263230.7869,-,-,,1.565,"14,722,601",0.04%,,,11.00,11.96,2.3,"2,182",17.06,32.1,61.5,40.4,7.54,0.48,1.350,,0.68,5.912(donated),72,,1.69 %
Solomon Islands,,12.7%,24.7%,58.1%,84.5%,13.2,,,,,76.7,,34.5,,,,,9,8,,N/A,83,35,-,-,44.79,,-,9.1,70.26%,,,-4.3,0.7,1.3,-,239.94,5.5,-,-,,37.1,37.1,,,20.40,,,,,-,8262478.2829,-,5.285,,0.27,"341,748	",0.09%,,,100.00,30.14,0.1,"67,156",---,---,90.1,1.8,,3.77,,,,125.72,6,,30.28 %
Somalia,,N/A,68.6%,88.9%,97.9%,N/A,,,,,55.7,0.10%,3.2,,,,"90,5",,24,,75.7,21,39,24.95,-,23.12,,-,3.2,36.03%,,,2.4,21.4,37.4,43.5,2.34,11.4,-,-,,36.8,36.8,,,38.94,,,,,-,53680867.5457,-,1.641,,1.79,"1,268,442",0.09%,,,2.00,---,---,"30,000",30.15,---,9.5,0.8,,,3.615,,,2 013.17,1,,
South Africa,,55.5%,18.7%,37.3%,56.9%,5.7,,,,,65.3,17.30%,96.2,4.956,94.4%,"6,83613",,,47,,61.2,46,78,44.37,81.06,0.22,,3.2,86.8,85.00%,,,-6.4,29.2,59.4,27.7,596.46,10.1,433.57,0.8321,,63.0,63.0,,,22.70,,,,,1,732583014.7164,52076716,162.5,,605,"390,557,850",1.06%,,,"4,266.00",5.97,15.5,"619,353",28.33,31.7,14.1,8.7,7.05,35.70,3.276,,0.58,935.6,21,,4.32 %
South Korea,,14.4%,N/A,N/A,N/A,2.5,,,,,83.0,,3.1,5.845,,,,9,19,,18.4,53,(Korea) 100,-,(Korea) 99.19,-,,-,-,100.00%,,,-0.9,3.9,10.3,-,8745.04,15.9,585.71,4.5275,,31.4,31.4,,,5.76,,,,,1,904886869.0240,-,-,,1.56,"604,043,830",1.38%,,,387.00,54.97,---,"3,624,756",27.45,76.0,64.5,17.0,8.16,0.60,1.647,,,N/A,9,,4.83 %
South Sudan,,82.3%,76.5%,91.7%,97.8%,18.2,,,,,,2.40%,7.1,,26.8%,,"95,1819",8,32,,N/A,70,16,-,-,60.13,,0.1,0,6.72%,,,-10.8,12.1,18.5,45.6,16.22,-,1.7,-,,44.1,44.1,,,50.94,,,,,-,42904522.3943,-,0.058,,,"4,038,496",0.14%,,,---,---,---,"32,020",---,---,11.3,15.5,,14.87,3.891,,,1 435.58,,,
Spain,,21.0%,0.8%,1.2%,2.5%,2.5,,,,,82.6,0.30%,58.4,6.491,98.1%,,,10,43,,9.6,53,100,-,99.59,0,,38.1,100,100.00%,,,-10.8,15.5,38.3,-,2861.39,12.7,230.91,1.2432,,34.3,34.7,,,3.15,,,,,-,435681952.4048,-,-,,,"251,892,320",0.64%,,,235.00,42.47,12.8,"1,276,640",9.99,107.2,37.2,28.1,7.94,0.62,1.796,,0.73,246.812(donated),68,,1.69 %
Sri Lanka,,4.1%,0.9%,11.0%,42.0%,7.6,,,,,78.0,,18.0,4.325,92.6%,,"65,364",11,5,,53.2,31,94,-,93.33,0,,27.7,32.2,100.00%,,,-3.6,5.2,21.0,10.7,688.26,18.4,22.7,0.1276,,39.3,39.9,,,18.07,,,,,1,79799860.9367,-,109.828,,,"18,454,691",0.08%,,,"9,654.00",30.84,0.1,"541,458",19.96,---,34.2,29.9,6.14,2.42,2.324,,0.50,156.55,15,,12.08 %
Sudan,,46.5%,12.2%,44.0%,79.3%,12.4,,,,,67.1,0.20%,2.6,,53.5%,,,8,31,,34.0,29,37,12.51,-,24.01,,56.7,54.7,53.83%,,,-3.6,17.4,32.6,30.6,153.48,7.7,18.49,0.2984,,34.2,34.2,,,36.38,,,,,-,261451163.9143,-,48.436,,,"13,294,106",0.27%,,,106.00,1.03,16.0,"51,041",56.04,---,9.9,2.3,2.47,5.15,3.244,,0.42,805.27,19,,11.95 %
Suriname,,70%,21.1%,34.2%,48.2%,8.1,,,,,72.4,1.30%,4.0,,95.6%,"7,23706",,8,29,,N/A,43,90,72.1,55.76,1.22,,58.3,94.5,97.89%,,,-15.9,7.9,26.5,-,1249.66,6.5,2.64,-,,57.9,57.9,,,15.53,,,,,-,30394173.4880,0.879,325.777,,,"2,152,933",0.03%,,,"1,677.00",16.69,1.5,"47,090",---,---,97.4,14.5,6.82,5.43,,,0.49,7.09,32,,10.54 %
Sweden,,16.1%,0.3%,0.4%,0.6%,2.5,,,,,82.7,0.20%,21.5,7.363,,,,6,47,,10.2,62,99,-,99.75,0,,57.1,100,100.00%,,,-2.9,8.3,24.0,-,7288.37,9.9,33.65,3.3128,,29.3,30.0,,,2.57,,,,,1,236689729.9936,-,-,,,"44,694,415",0.06%,,,36.00,32.81,15.8,"233,334",5.72,196.7,68.7,14.5,9.26,1.08,1.455,,0.86,1 575.847(donated),91,,1.69 %
Switzerland,,15.5%,0.0%,0.0%,0.1%,2.5,,,,,83.2,0.20%,33.8,7.571,,,,9,43,,15.2,62,100,-,94.25,0,,59.8,100,100.00%,,,-2.4,4.8,8.6,-,17025.17,12.3,35.64,3.3680,,33.1,33.1,,,1.71,,,,,1,78253830.7838,-,-,,,"39,666,930",0.09%,,,---,16.94,---,"3,296",10.04,52.4,32.1,12.1,8.90,0.59,1.242,,,1 092.704(donated),85,,1.70 %
Syria,,82.5%,0.9%,10.2%,40.1%,N/A,,,,,74.3,,50.3,,86.4%,,"74,37926",9,11,,N/A,16,90,82.82,-,-,,5.3,96.9,89.32%,,,3.7,8.6,20.4,6.6,70.04,14.2,23.59,0.0205,,37.5,N/A,,,16.75,,,,,-,55747499.1968,46,85.698,,,"38,054,696",0.09%,,,44.00,---,0.2,"6,724",31.33,---,2.8,0.7,1.43,0.88,3.657,,,2 430.62,23,,14.18 %
Tajikistan,,26.3%,4.1%,17.8%,50.5%,5,,,,,69.4,0.30%,9.0,5.466,99.8%,"5,7129",,9,24,,59.6,30,97,72.87,55.24,0,,97.5,82.4,99.64%,,,4.5,6.9,5.9,8.9,200.17,5.4,7.54,0.0970,,34.0,34.0,,,19.35,,,,,-,59183688.0706,-,552.879,,,"6,049,757",0.03%,,,---,0.37,---,"1,580",39.91,---,3.1,22.3,1.94,1.64,2.380,,,112.71,13,,4.98 %
Tanzania,,26.4%,49.4%,76.8%,91.8%,25,,,,,70.2,5.10%,66.9,3.623,80.3%,"2,96898",,9,37,,58.0,80,32,-,-,10.89,,37.1,-,37.70%,,,2.0,2.1,3.9,34.7,94.14,3,10.71,0.5146,,40.5,40.5,,,49.33,,,,,1,225262759.5907,59,11.433,,,"9,731,560",0.36%,,,"5,785.00",6.80,3.0,"393,898",24.60,---,51.6,38.2,5.10,6.48,2.349,,0.47,1 274.24,,,8.55 %
Thailand,,6.8%,0.0%,0.3%,6.4%,9.3,,,,,77.7,1.10%,16.6,5.985,96.7%,,,9,16,,8.6,59,99,84.97,-,0,,13.1,83.6,99.90%,,,-6.1,1.1,5.2,15.1,1623.17,15.9,251.41,1.0018,,35.0,34.9,,,30.48,,,,,1,834283940.6470,1750000,171.795,,,"271,040,160",0.88%,,,"22,806.00",29.17,4.4,"2,618,043",27.32,---,38.9,18.5,6.04,2.58,2.820,,0.50,132.72,24,,3.52 %
Timor-Leste,,41.8%,N/A,N/A,N/A,30.9,,,,,69.9,,17.5,4.107,67.5%,"4,96938",,9,38,,86.2,61,57,28.41,-,18.22,,-,13.6,94.72%,,,10.4,4.7,13.2,19.9,23.5,7.2,-,-,,28.7,27.80,,,14.12,,,,,-,6064825.8408,-,0.808,,,"495,687",0.01%,,,715.00,7.98,1.4,"4,810",15.75,---,61.9,16.0,7.06,4.10,2.372,,,191.13,1,,2.50 %
Togo,,55.1%,24.1%,51.8%,78.0%,20.7,,,,,71.4,2.30%,16.9,5.466,66.5%,"5,7129",,10,19,,28.7,55,19,17.15,19.56,45.15,,73.1,10.1,52.44%,,,1.8,3.7,9.5,35.2,116.35,15.3,1.5,0.2665,,42.4,43.1,,,33.94,,,,,1,28217572.8374,1172.1742,8.718,,,"2,321,546",0.02%,,,436.00,11.73,0.2,"24,910",46.13,---,22.2,28.0,2.80,,2.715,,0.45,97.75,4,,10.35 %
Tonga,,22.5%,1.0%,7.5%,27.5%,N/A,,,,,77.5,,10.0,,99.4%,"7,95963","15,87204",10,0,,N/A,37,93,69.54,29.5,0.017,,-,84.1,98.40%,,,0.7,3.1,8.9,-,242.19,20.2,-,-,,37.6,37.6,,,38.39,,,,,-,3842442.1839,-,73.332,,,"251,375",0.00%,,,0.00,---,0.1,"1,262",---,---,12.4,12.6,,0.97,,,,58.07,25,,5.53 %
Trinidad and Tobago,,20%,3.2%,12.5%,31.9%,5.5,,,,,75.9,1.20%,42.0,,%99,,,13,26,,9.9,47,94,-,-,0,,0,100,100.00%,,,-7.9,3.2,8.7,3.4,2335.43,7.7,16.6,0.0840,,40.3,40.3,,,9.09,,,,,-,9771902.1959,123914.1328,2.151,,,"34,974,263",0.05%,,,"3,557.00",23.85,0.0,"13,183",22.07,---,44.5,30.6,7.16,30.65,2.671,,0.53,N/A,55,,8.63 %
Tunisia,,15.2%,0.2%,3.0%,17.5%,2.5,,,,,76.8,,23.9,4.596,81.8%,,,7,26,,18.6,25,97,84.11,79.29,0,,3,99.8,100.00%,,,-9.2,15.1,34.9,3.4,532.53,18.3,26.19,0.6013,,32.8,32.8,,,16.02,,,,,1,95331701.0749,-,33.92,,,"29,395,965",0.08%,,,688.00,13.16,1.0,"127,873",30.55,---,4.5,7.9,5.99,3.06,2.557,,0.53,668.19,39,,9.35 %
Turkey,,15.0%,0.4%,2.2%,10.2%,2.5,,,,,76.2,,45.8,4.948,%95,,,9,17,,13.3,32,99,-,-,0.15,,45.6,95.2,100.00%,,,1.8,13.1,25.1,2.6,2241.43,18.9 ,366.42,0.9598,,41.9,41.9,,,6.52,,,,,1,1836316920.9376,-,585.705,,,"368,122,740",0.97%,,,"14,329.00 ",4.85,1.8,"625,776",26.85,234.3,28.9,7.0,4.35,2.59,3.060,,0.42,659.38,42,,2.50 %
Turkmenistan,,0.2%,49.8%,75.4%,91.7%,4,,,,,71.8,,8.4,5.066,99.7%,"3,12065",,12,25,,26.3,37,99,100,94.83,0,,0,99.9,99.90%,,,6.3,4.0,20.6,-,1905.95,-,69.21,-,,40.8,40.8,,,15.37,,,,,-,80211775.6677,-,0.199,,,"79,279,216",0.26%,,,---,2.94,3.0,"15,070",25.31,---,8.8,3.2,1.66,4.22,2.497,,,7.05,5,,
Tuvalu,,26.3%,3.3%,17.6%,46.7%,3.2,,,,,68.4,,7.5,,,,"70,42284",12,6,,N/A,N/A,84 (2015),-,50,-,,-,70.6,100.00%,,,4.4,8.5,20.6,-,62.72,3.7,-,-,,39.1,39.1,,,---,,,,,-,11131.5541,-,196.065,,,,0.00%,,,---,---,0.0,"12,728",---,---,33.3,13.2,,18.62,,,,17.44,30,,2.43 %
Uganda,,20.3%,41.0%,70.5%,89.0%,N/A,,,,,69.0,6.10%,4.3,4.636,73.9%,"3,01393",,9,34,,58.3,64,20,22.59,16.65,4.68,,-,0.5,41.30%,,,3.0,10.1,15.6,36.7,137.16,8.2,-,0.1438,,42.7,42.8,,,53.60,,,,,1,145547765.7823,-,25.887,,,"5,009,493",0.14%,,,---,11.27,---,"543,091",35.23,---,11.7,16.1,4.48,10.52,2.834,,0.39,1 275.13,13,,8.01 %
Ukraine,,1.1%,0.0%,0.1%,2.5%,3.5,,,,,73.5,0.90%,6.5,4.875,99.8%,"5,43965","52,6",7,21,,2.9,48,98,-,89.02,0,,5.6,94.9,100.00%,,,-4.0,9.5,19.3,5.0,269.66,12.4,170.4,0.4711,,25.6,26.60,,,9.34,,,,,1,572229238.0715,552977,-,,,"233,220,080",0.54%,,,859.00,11.67,9.2,"94,776",14.70,---,16.7,13.0,5.57,6.18,2.949,,0.51,589.31,31,,1.56 %
United Arab Emirates,,19.5%,0.0%,0.0%,0.1%,3.1,,,,,79.6,,7.1,6.561,93.8%,"3,1027",,11,50,,N/A,47,99,-,-,0,,0.3,100,100.00%,,,-6.1,4.3,14.0,-,3760.88,8,177.99,1.2784,,26.0,26.0,,,11.25,,,,,1,228184565.2936,697362.375,256.84,,,"218,788,684",0.54%,,,14.00,24.71,11.5,"76,350",43.08,---,4.5,19.4,2.90,0.46,1.709,,0.64,1 164.802(donated),70,,4.40 %
United Kingdom,,18.6%,0.3%,0.5%,0.9%,2.5,,,,,81.9,0.20%,17.4,7.064,,,"53,41598",12,34,,10.2,58,99,-,99.82,0,,33,100,100.00%,,,-9.4,3.7,11.2,-,4201.69,9.1,342.24,1.7027,,35.1,35.1,,,2.81,,,,,1,742849871.7163,-,-,,,"367,860,350",0.90%,,,703.00,19.73,44.2,"897,860",10.02,167.8,13.2,28.7,8.10,1.20,1.684,,0.79,4 248.017(donated),82,,1.69 %
United States of America,,15.1%,1.0%,1.0%,1.5%,2.5,,,,,78.6,0.36%,25.9,6.951,,,"82,76577",11,28,,11.0,55,100,-,97.33,0,,14.7,100,100.00%,,,-3.4,5.3,9.7,-,7342.89,9.9,4744.45,2.8328,,41.5,41.4,,,11.10,,,,,1,7699115975.0813,-,-,,,"5,011,686,600",11.84%,,,"2,431.00",22.36,19.0,"5,821,488",7.68,2 478.0,33.9,13.0,7.85,4.96,2.311,,0.69,13 675.995(donated),78,,1.59 %
Uruguay,,11.6%,0.2%,0.7%,4.6%,2.5,,,,,78.4,0.60%,24.2,6.431,98.4%,"4,68332","76,57601",12,24,,1.5,55,98,-,94.59,0.21,,96.5,100,99.90%,,,-5.9,10.5,33.5,7.3,1786.47,10.3,6.17,0.4187,,40.2,39.7,,,13.84,,,,,-,70960071.3099,-,1075.169,,,"6,508,013",0.07%,,,998.00,9.23,0.8,"67,339",9.57,---,11.6,3.7,8.85,12.06,2.602,,0.71,0,51,,5.35 %
Uzbekistan,,14.1%,61.6%,86.2%,96.4%,2.6,,,,,75.3,,19.9,6.179,99.6%,"5,11241",,12,33,,41.5,45,100,-,58.83,0,,25.6,84.25,100.00%,,,1.7,5.3,13.2,5.1,474.73,11.9,111.81,0.1300,,35.3,35.3,,,12.38,,,,,-,330686838.8168,-,60.018,,,"109,347,340",0.47%,,,---,2.25,---,"90,984",36.35,---,8.4,5.8,2.12,1.14,2.206,,0.49,620.94,30,,8.73 %
Vanuatu,,15.9%,8.6%,32.3%,68.1%,9.8,,,,,75.1,,19.4,,85.2%,"2,3125",,12,0,,N/A,60,53,-,56.58,0.3,,-,7.6,64.67%,,,-6.8,7.9,18.0,3.9,86.75,4.5,-,-,,32.3,37.6,,,---,,,,,-,2474446.4353,-,37.841,,,"137,706",0.00%,,,---,28.40,0.0,"10,207",---,---,36.3,4.2,,,,,,91.99,40,,7.85 %
Venezuela,,33.1%,6.7%,14.3%,32.7%,31.4,,,,,73.3,0.60%,58.4,4.892,95.4%,,,,22,,N/A,34,96,-,-,3.02,,67.6,97,100.00%,,,-3.9,7.5,13.6,3.9,190.75,10.8,90.09,0.3371,,44.8,44.8,,,39.75,,,,,-,222540033.4720,-,583.691,,,"175,884,256	",0.57%,,,"5,988.00",10.10,4.3,"348,265",22.22,---,52.4,56.9,2.11,49.69,4.089,,0.27,232.43,,,10.04 %
Vietnam,,6.7%,1.8%,6.6%,22.4%,6.4,,,,,75.5,0.30%,61.7,5.411,94.5%,"4,06197",,11,30,,28.2,70,89,86.07,-,2.93,,38.6,65.3,99.40%,,,2.9,2.4,7.6,10.9,486.97,23.1,282.28,0.5267,,35.7,35.7,,,29.81,,,,,-,895756938.43,-,366.237,,,"206,042,140",0.74%,,,"28,221.00",37.66,0.6,"7,510,413",20.19,---,47.2,7.6,2.94,1.53,2.148,,0.49,620.76,35,,4.39 %
Yemen,,48.6%,18.3%,51.2%,81.0%,N/A,,,,,67.5,,54.6,3.658,70.1%,,92,9,0,,48.7,6,54,-,-,9.73,,10.9,61.5,72.75%,,,0.8,13.5,24.5,16.1,66.32,5.5,9.6,-,,36.7,36.7,,,34.92,,,,,1,42177042.1996,-,8.476,,,"25,647,990",0.04%,,,252.00,3.17,0.5,"131,308",44.65,---,1.0,0.8,1.94,6.77,3.944,,,1 607.79,15,,5.03 %
Zambia,,54.4%,58.7%,75.4%,88.1%,N/A,,,,,66.3,12.10%,60.3,4.073,63.4%,"4,46518",,9,15,,46.9,69,32,17.93,50.49,11.25,,95,10.4,43.00%,,,-2.8,12.5,30.1,34.4,100.18,8.4,5.74,0.2782,,57.1,57.1,,,32.93,,,,,-,165429587.7035,80000,138.231,,,"4,230,584",0.19%,,,---,12.05,---,"135,427",25.92,---,60.3,41.3,5.72,5.37,2.503,,0.44,606.17,12,,3.39 %
Zimbabwe,,38.3%,39.5%,63.8%,82.8%,N/A,,,,,63.3,13.40%,9.7,3.145,86.5%,,,7,32,,38.7,79,35,42.43,29.54,23.5,,51.9,30.4,41.09%,,,-6.2,16.9,27.5,14.3,155.32,7.6,11.06,-,,50.3,50.3,,,63.47,,,,,1,84275570.0371,-,80.606,,,"10,062,628",0.24%,,,0.00,3.73,---,"125,882",20.85,---,45.1,27.2,2.92,7.48,3.063,,0.39,573.58,16,,4.99 %
,,,,,,,,,,,,,,,,,,7,,,,,,,,,,,,,,,,,,,,,,,,,,,,,,,,,,,,,,,,,,,,,,,,,,,,,,,,,,,